ngram,count
oil change,1356
microsoft office,847
great wolf,595
windows 11,560
office 2024,498
hair removal,455
wolf lodge,444
laser hair,444
sam club,407
airport parking,407
great wolf lodge,391
real estate,389
escape room,355
couples massage,340
for mac,319
dave and,307
synthetic oil,299
jc penny,299
to do,289
weight loss,280
windows 10,273
laser hair removal,270
water park,265
head spa,260
things to,258
deep tissue,256
las vegas,256
office 2021,254
medical marijuana,252
chuck cheese,252
things to do,251
sams club,235
full synthetic,233
day spa,230
hair cut,226
med spa,225
synthetic oil change,221
11 pro,221
lash lift,216
san diego,215
sky zone,206
new york,195
office for,194
teeth whitening,193
windows 11 pro,192
office 365,191
christmas cards,190
ms office,187
office for mac,185
car wash,184
canvas on,181
photo cards,178
trampoline park,178
near me,175
wheel alignment,175
couple massage,173
photo book,164
full body,163
and busters,163
brazilian wax,161
microsoft office 2024,160
dave and busters,160
duct cleaning,157
whale watching,151
holiday cards,151
sea world,151
massage and,149
full synthetic oil,148
photo affections,145
body massage,144
club membership,142
office mac,142
mini golf,141
lymphatic drainage,140
mani pedi,138
air duct,137
for kids,137
window tint,136
spa day,135
microsoft word,135
microsoft 365,134
urban air,134
photo books,134
and tint,133
museum of,133
carpet cleaning,131
car detailing,131
costco membership,129
on demand,128
canvas on demand,128
tissue massage,126
lash extensions,126
boat tour,125
city pass,124
deep tissue massage,124
lift and,123
tire rotation,123
lift and tint,120
six flags,118
marijuana card,118
canvas prints,117
wine tasting,117
movie tickets,116
chemical peel,115
hair color,115
hop on,115
jc penney,113
car detail,113
escape game,110
couples spa,108
house cleaning,107
foot spa,106
window tinting,105
jiffy lube,105
valvoline oil,105
spray tan,105
day pass,105
gift card,104
and buster,103
foot massage,103
hair salon,103
eyelash extensions,103
vent cleaning,102
microsoft office 2021,102
eye lash,101
tattoo removal,101
jcpenney portraits,101
dave and buster,100
drivers ed,100
professional plus,99
microsoft office for,99
oil changes,99
and facial,97
for two,97
atlantic city,96
adventure park,95
office 2019,95
go city,94
cooking class,94
11 home,94
valvoline oil change,93
bus tour,93
universal studios,93
windows 11 home,92
indoor waterpark,91
red light,91
laser lipo,90
movie theater,90
90 minute,90
eyelash lift,89
flower delivery,89
massage and facial,87
canvas print,86
hot air,86
san antonio,85
skin tightening,85
medical marijuana card,85
lymphatic massage,84
hot stone,84
axe throwing,84
photo shoot,83
chucky cheese,83
2024 professional,82
the escape,82
office 2024 professional,82
lip filler,82
chuckie cheese,81
lash lift and,81
hop off,81
sev laser,81
skin care,80
shutterfly calendar,80
sex toys,79
on hop,79
rock climbing,79
hop on hop,79
10 pro,79
microsoft windows,78
laser tag,78
windows 10 pro,78
minute massage,78
cbd gummies,77
on hop off,77
microsoft office mac,77
dryer vent,77
microsoft office 365,77
busch gardens,77
and massage,77
dance lessons,76
real estate license,76
estate license,76
massage heights,75
bikini wax,75
thai massage,75
photo blanket,75
air duct cleaning,74
dave busters,74
escape rooms,74
salt cave,73
whale watch,73
scalp massage,73
niagara falls,73
jet ski,73
micro needling,72
float spa,72
auto detailing,72
go kart,71
parking spot,70
sams club membership,70
kids activities,70
food sensitivity,69
stone massage,69
brow lamination,69
adult toys,69
hot yoga,68
full body massage,68
2024 professional plus,67
glass blowing,67
san francisco,67
medical card,67
rose farmers,67
massage spa,67
american dream,67
skin tag,67
hair spa,67
teeth cleaning,67
dog bed,66
men haircut,66
photo calendar,66
big bus,66
tire alignment,65
ice cream,65
king spa,64
massage for,64
nail salon,64
body scrub,64
2024 mac,63
brazilian blowout,63
and spa,63
spider vein,63
gun range,63
gel manicure,62
dinner cruise,62
regal movie,62
of the,62
office 2024 mac,62
spa package,62
office home,62
haircut and,61
mr tire,61
nintendo switch,61
drainage massage,60
rage room,60
air trampoline,60
for men,60
and pedicure,60
prenatal massage,59
car window,59
horseback riding,59
penny photo,59
swedish massage,59
blow out,59
men cologne,58
body sculpting,58
compression socks,58
paint and,58
restaurant com,58
eyelash extension,58
fun things,58
lash tint,58
dental cleaning,58
jc penny photo,58
lazer hair,57
of lights,57
massage envy,57
sam club membership,57
manicure pedicure,57
head massage,57
children museum,57
couples massages,57
hair laser,56
cooking classes,56
making class,56
boat ride,56
oil chnage,56
leg wax,56
couple massages,56
dance class,55
lash extension,55
manicure and,55
90 minute massage,55
laser removal,55
couple spa,55
couples message,55
spartan race,55
main event,55
office lifetime,54
hot wheels,54
and sip,54
on sale,54
facial and,54
laser facial,54
eye lashes,54
and color,54
women haircut,54
tune up,53
cut and,53
apple watch,53
real estate course,53
big air,53
estate course,53
canvas on sale,52
brazillian wax,52
11 key,52
beauty spa,52
myrtle beach,52
cool sculpting,52
holiday card,52
christmas card,52
sugar wax,52
boat rental,52
hydra facial,52
the escape game,52
manicure and pedicure,52
regal cinema,52
shooting range,51
windows 11 key,51
scavenger hunt,51
brake pad,51
car tint,51
driving school,51
family fun,51
scalp spa,50
putt putt,50
float therapy,50
spa and,50
get air,50
candle making,50
photo card,50
back facial,50
lymphatic drainage massage,50
ice skating,49
ax throwing,49
central park,49
deep cleaning,49
office professional,49
sterling silver,49
jcpenney photo,49
sunset cruise,49
jcpenny portraits,48
and paint,48
oil change and,48
new orleans,48
boat tours,48
1800 flowers,48
change and,48
air balloon,48
in the,48
mothers day,48
bamboo sheets,48
japanese head,48
permanent makeup,47
john incredible,47
float tank,47
penny portraits,47
prp hair,47
paint and sip,47
auto detail,47
jc penny portraits,47
photo affection,47
hotels in,47
keratin treatment,47
gel nails,47
ghost tour,47
traffic school,46
juice cleanse,46
seaworld orlando,46
krispy kreme,46
hot stone massage,46
and stone,46
big head,46
hand and,46
jump park,46
uber eats,46
light therapy,46
chuckee cheese,46
hydro facial,46
hand and stone,45
nail fungus,45
electric toothbrush,45
smog check,45
massage near,45
iv therapy,45
hair highlights,45
photo canvas,45
great wolfe,45
jurassic quest,45
2024 for,45
massage couples,45
40 units,45
of liberty,45
abc mouse,45
metal prints,45
2024 for mac,45
eyebrow threading,44
spa massage,44
office 2024 for,44
medical spa,44
pottery class,44
under eye,44
regal cinemas,44
spa for,44
eye exam,44
scalp treatment,44
screen repair,44
massage near me,44
sports massage,44
facial massage,43
do with,43
to do with,43
hot air balloon,43
facial and massage,43
uptown jungle,43
brake pads,43
indoor water,43
movie ticket,43
home cleaning,43
foot reflexology,43
ohio medical,43
kids bop,43
white water,43
co2 laser,43
acne facial,43
parking at,43
microsoft project,42
eyebrow wax,42
eyelash tint,42
spare time,42
monster truck,42
car starter,42
at the,42
christmas lights,42
hyperbaric oxygen,42
radio frequency,42
cedar point,42
butt lift,42
jimmy choo,42
statue of,42
laser tattoo,41
japanese head spa,41
lucky strike,41
golf lessons,41
bus tours,41
sea world orlando,41
amf bowling,41
world orlando,41
water lantern,41
paint ball,41
red light therapy,41
mobile car,41
windows server,41
true rest,41
window 11,41
photo session,40
eye brow,40
water parks,40
infrared sauna,40
get out,40
go karts,40
incredible pizza,40
pest control,40
switch games,40
fetal doppler,40
big heads,40
grand canyon,39
microsoft mac,39
air trampoline park,39
park and,39
hair cut and,39
and tire,39
front end,39
window cleaning,39
dryer vent cleaning,39
butcher box,39
rf microneedling,39
mens cologne,39
ipl facial,39
lantern festival,39
gel pedicure,39
newport beach,39
car alignment,39
kidz bop,39
eyebrow lamination,39
microsoft windows 11,38
acrylic nails,38
microsoft office lifetime,38
blow dry,38
lip flip,38
windows key,38
dog beds,38
pole dancing,38
foot detox,38
with kids,38
interior car,38
my stuff,38
wine tour,38
papa roach,38
game show,38
change and tire,38
gift cards,38
amc movie,38
amusement park,37
state inspection,37
massage therapy,37
concert tickets,37
statue of liberty,37
lodge day,37
lazer hair removal,37
eyebrow tint,37
wolf lodge day,37
oil change full,37
gel mani,37
the parking,37
change full,37
do with kids,37
bounce house,37
date night,37
and tire rotation,37
magic of,36
marijuana renewal,36
food tour,36
front end alignment,36
for couples,36
hair salons,36
end alignment,36
min massage,36
catalina island,36
tag removal,36
indoor play,36
rosetta stone,36
driver ed,36
splash wines,36
90 min,36
holiday photo,35
eye lash extensions,35
b12 shots,35
indoor water park,35
fun park,35
martial arts,35
mens haircut,35
womens haircut,35
dance classes,35
all inclusive,35
birthday party,35
change full synthetic,35
kid activities,35
altitude trampoline,35
miniature golf,35
things for,35
lip blush,35
skin tag removal,35
sky diving,35
chemical peels,35
sip and,35
sex toy,35
pigeon forge,34
fun spot,34
plus lifetime,34
rose toy,34
men facial,34
anti aging,34
wolfe lodge,34
cleaning services,34
legacy box,34
the spa,34
back massage,34
instant oil,34
microsoft office 2019,34
mountain coaster,34
microsoft for,34
go cart,34
defensive driving,34
microsoft 2024,34
the parking spot,34
dog grooming,34
fun things to,34
carpet cleaner,34
photo facial,33
big snow,33
microsoft for mac,33
edible arrangements,33
bed sheets,33
vein removal,33
water rafting,33
toenail fungus,33
vi peel,33
laser resurfacing,33
dexa scan,33
eyelash lift and,33
hair treatment,33
things for kids,33
indoor playground,33
iv drip,33
great wolfe lodge,33
laser skin,33
of excellence,32
address stamp,32
adobe acrobat,32
diamond glow,32
monster mini,32
lodge day pass,32
long beach,32
spa world,32
smash room,32
billy idol,32
car window tint,32
golf lesson,32
jc penny photos,32
great wold,32
instant oil change,32
penny photos,32
colon cleanse,32
salt room,32
horse back,32
massage deep,32
sushi making,32
upholstery cleaning,32
dave buster,32
brazilian laser,32
boat cruise,32
massage couple,32
blooms today,32
bjs membership,32
pogo pass,32
body contouring,32
microsoft office home,32
body scan,31
mountain creek,31
murder mystery,31
la jolla,31
ac recharge,31
gutter cleaning,31
guitar lessons,31
top golf,31
newark airport,31
massage facial,31
palm beach,31
oil chamge,31
full set,31
paint nite,31
photo album,31
professional plus lifetime,31
remote car,31
gift baskets,31
bj membership,31
bike rental,31
great america,31
oil change tire,30
sip and paint,30
holiday inn,30
wellness center,30
cold plunge,30
on the,30
house of,30
hair extensions,30
change tire,30
sesame place,30
world san,30
bush gardens,30
windows pro,30
cape may,30
medical marijuana renewal,30
metal print,30
sea world san,30
eyebrow microblading,30
cut and color,30
magic of lights,30
bjs wholesale,30
brow tint,30
lip fillers,30
amc theater,30
cleaning service,30
laser tattoo removal,30
drive in,30
golf course,30
movie theatre,30
thread lift,30
and body,30
go carts,29
permanent eyeliner,29
spider veins,29
out pass,29
paint night,29
full highlights,29
get out pass,29
for windows,29
sea life,29
women perfume,29
valvoline instant,29
post op,29
trampoline parks,29
massage luxe,29
happy hemp,29
stone mountain,29
light blue,29
black angus,29
carpet clean,29
change synthetic,29
manta ray,29
units botox,29
indian food,29
art class,29
massage and spa,29
horse riding,29
oil change synthetic,29
ohio medical marijuana,29
monster trucks,29
zoom teeth,29
regal movies,29
laser toenail,28
california permit,28
lego land,28
lip injections,28
mani and,28
long term,28
garage door,28
eyebrow tinting,28
brazilian waxing,28
deep sea,28
bowlero arcade,28
botox 40,28
deka lash,28
roller skating,28
off bus,28
holiday photo cards,28
anti virus,28
tire choice,28
splash wine,28
comedy club,28
hurricane harbor,28
concealed carry,28
b12 injections,28
cbd oil,28
and wellness,28
paul mitchell,28
aa batteries,28
iphone 13,28
pregnancy massage,28
rug cleaning,28
back wax,28
staples cards,28
valvoline instant oil,28
paddle board,28
poop bags,27
world of,27
printer pix,27
los angeles,27
pole dance,27
chicago architecture,27
light show,27
white water rafting,27
kids fun,27
photo blankets,27
island spa,27
iphone 12,27
tint and,27
brick fest,27
hair cuts,27
golf simulator,27
go pass,27
deep pore,27
urban air trampoline,27
drivers education,27
lip blushing,27
centre of,27
oil ch,27
body wax,27
science center,26
change near,26
change near me,26
change tire rotation,26
oil change near,26
chicago river,26
hello fresh,26
helicopter ride,26
and pedi,26
head soa,26
hall of,26
interior detailing,26
meal delivery,26
couch cleaning,26
partial highlights,26
pasta making,26
and lift,26
dermal filler,26
shutterfly photo,26
dermaplaning facial,26
penny portrait,26
duffy boat,26
personal training,26
smog test,26
10 home,26
salt float,26
iphone 14,26
body wrap,26
windows 10 home,26
mani and pedi,26
aging facial,26
driving course,26
long term parking,26
long island,26
microsoft office professional,26
mobile car detailing,26
lazer tag,26
car battery,26
star smog,26
jc penny portrait,26
st louis,26
centre of excellence,26
iv hydration,26
term parking,26
auto repair,26
windows office,25
tint and lift,25
water lantern festival,25
skin and,25
york city,25
womens perfume,25
zoom whitening,25
pro key,25
microsoft excel,25
facial with,25
face lift,25
garden bros,25
office 2024 home,25
elements massage,25
ms office 2024,25
discovery flight,25
personal trainer,25
couples facial,25
philadelphia airport,25
phone repair,25
colon hydrotherapy,25
healing hands,25
new york city,25
fat head,25
ipl laser,25
2024 home,25
60 units,25
brake fluid,25
ipl photofacial,25
body laser,25
microneedling prp,25
altitude trampoline park,25
prp facial,25
anti aging facial,25
health and,24
sensory deprivation,24
iphone screen,24
the wheel,24
horse back riding,24
toe nail,24
happy feet,24
holiday lights,24
shutterfly book,24
couples massage and,24
eye brows,24
double chin,24
laser spa,24
couples dance,24
chucke cheese,24
cbd cream,24
win 11,24
car rental,24
car cleaning,24
boat rentals,24
berry farm,24
behind the,24
back riding,24
architecture tour,24
90 min massage,24
john incredible pizza,24
glass bottom,24
key west,24
scalp care,24
stars and,24
spa at,24
pro plus,24
product key,24
mole removal,24
red wine,24
ocean city,24
sea fishing,24
sensitivity test,24
massage deep tissue,24
amc tickets,23
engine oil,23
pdo thread,23
deep sea fishing,23
space center,23
photography class,23
weight care,23
christmas tree,23
christmas photo,23
zoo lights,23
car window tinting,23
word for mac,23
wisconsin dells,23
car inspection,23
window washing,23
brazilian sugar,23
spray tanning,23
word for,23
behind the wheel,23
river cruise,23
art classes,23
windshield replacement,23
root touch,23
salt spa,23
windows 10 key,23
couples spa day,23
haircut and color,23
new jersey,23
georgia aquarium,23
mother day,23
massage for two,23
summer of,23
go city pass,23
hop off bus,23
food and,23
10 key,23
kids play,23
brazilian blow,22
summer of loud,22
prp microneedling,22
microneedling with,22
mobile detailing,22
therapeutic massage,22
monster jam,22
remote start,22
slick city,22
hydro colon,22
iphone 11,22
wildlife safari,22
the escape room,22
and busyers,22
wold lodge,22
ipl photo,22
amc theaters,22
women hair,22
amc movies,22
swamp tour,22
air vent,22
wood therapy,22
island waterpark,22
massage in,22
make up,22
hair laser removal,22
comic con,22
family photos,22
game pass,22
of illusions,22
of loud,22
european wax,22
escape games,22
pad replacement,22
down under,22
dave and busyers,22
dance lesson,22
virus protection,22
petting zoo,22
tough mudder,22
whiskey tasting,22
wedding dance,22
pirate dinner,22
power wash,22
great wold lodge,22
childrens museum,22
remote car starter,21
allergy test,21
take oil,21
simple minds,21
kids activity,21
aaa membership,21
adventure landing,21
underarm wax,21
facial laser,21
universal studio,21
greatwolf lodge,21
burberry brit,21
mario party,21
women hair cut,21
home chef,21
amc popcorn,21
spider vein removal,21
hair coloring,21
touch up,21
race car,21
big game,21
fat heads,21
