q,lat,lng,region_res5,region_res4
costco,47.355381,-122.121914,8528d437fffffff,8428d43ffffffff
costco,39.914269,-86.061598,852a924ffffffff,842a925ffffffff
costco,40.004032,-86.000632,852a924bfffffff,842a925ffffffff
costco,42.432936,-83.429501,852ab2cbfffffff,842ab2dffffffff
costco,34.427788,-119.874785,8529ac93fffffff,8429ac9ffffffff
costco,38.252052,-122.27827,85283007fffffff,8428301ffffffff
costco,40.733219,-73.863467,852a100ffffffff,842a101ffffffff
costco,46.348751,-94.247881,8526251bfffffff,842625dffffffff
costco,39.254208,-94.59833,8526561bfffffff,8426561ffffffff
costco,40.906917,-74.568348,852a104bfffffff,842a105ffffffff
costco,33.921592,-84.351499,8544c133fffffff,8444c13ffffffff
costco,38.427766,-78.857042,852a8cdbfffffff,842a8cdffffffff
costco,41.941087,-88.133365,85275923fffffff,8427593ffffffff
costco,21.283699,-157.709516,8546494bfffffff,8446495ffffffff
costco,34.014515,-117.741858,8529a0affffffff,8429a0bffffffff
costco,34.836086,-82.311008,8544dd57fffffff,8444dd5ffffffff
costco,41.359448,-72.212701,852a15d7fffffff,842a15dffffffff
costco,32.677913,-97.408449,8526cbdbfffffff,8426cbdffffffff
costco,26.096549,-80.247735,8544a133fffffff,8444a13ffffffff
costco,33.376089,-111.840195,8548eba3fffffff,8448ebbffffffff
costco,33.808549,-118.334096,8529a563fffffff,8429a57ffffffff
costco,40.974884,-73.861571,852a101bfffffff,842a101ffffffff
costco,37.478466,-122.216244,85283477fffffff,8428347ffffffff
costco,47.767063,-117.380375,8512db0ffffffff,8412db1ffffffff
costco,33.920373,-83.456828,8544c3b7fffffff,8444c3bffffffff
costco,39.917353,-86.227924,852661b3fffffff,842661bffffffff
costco,33.876039,-117.743787,8529a0a3fffffff,8429a0bffffffff
costco,39.79014,-105.082345,85268cdbfffffff,84268cdffffffff
costco,38.018799,-121.292752,85283623fffffff,8428363ffffffff
costco,43.614889,-116.589753,85288437fffffff,8428843ffffffff
costco,39.036364,-94.357191,85265607fffffff,8426561ffffffff
costco,39.721077,-121.811472,852814b7fffffff,842814bffffffff
costco,30.251668,-81.533555,8544f057fffffff,8444f05ffffffff
costco,34.185739,-118.324045,8529a1c7fffffff,8429a1dffffffff
costco,36.703652,-121.669171,852834dbfffffff,842834dffffffff
costco,40.860881,-73.11802,852a10b3fffffff,842a10bffffffff
costco,37.898825,-122.320125,8528308ffffffff,8428309ffffffff
costco,38.008706,-121.835455,852830cffffffff,842830dffffffff
costco,33.48047,-84.219537,8544c18ffffffff,8444c19ffffffff
costco,45.549498,-94.201128,8526219bfffffff,8426219ffffffff
costco,47.238267,-122.373304,8528d5c3fffffff,8428d5dffffffff
costco,38.133241,-122.213369,85283003fffffff,8428301ffffffff
costco,33.696421,-117.339844,8529a08ffffffff,8429a09ffffffff
costco,25.912975,-80.154673,8544a103fffffff,8444a11ffffffff
costco,39.128407,-123.197738,8528316bfffffff,8428317ffffffff
costco,35.987572,-115.138731,85298687fffffff,8429869ffffffff
costco,41.265662,-96.105047,85260e27fffffff,84260e3ffffffff
costco,33.935555,-117.276579,8529a003fffffff,8429a01ffffffff
costco,42.910571,-85.542822,8527481bfffffff,8427481ffffffff
costco,32.908196,-96.445721,8526c823fffffff,8426c83ffffffff
costco,34.005387,-84.569215,8544ccdbfffffff,8444ccdffffffff
costco,42.137334,-71.066118,852a3393fffffff,842a339ffffffff
costco,42.557046,-70.977166,852a300ffffffff,842a307ffffffff
costco,33.136437,-117.12456,8529a473fffffff,8429a47ffffffff
costco,35.13664,-106.613754,8548d887fffffff,8448d89ffffffff
costco,37.242682,-121.794487,85283447fffffff,8428345ffffffff
costco,39.663006,-84.105906,852a9393fffffff,842a939ffffffff
costco,38.508146,-90.338503,8526405bfffffff,8426405ffffffff
costco,47.658652,-117.333713,8512db77fffffff,8412db7ffffffff
costco,40.522544,-74.855601,852a12affffffff,842a12bffffffff
costco,40.757682,-73.420298,852a10abfffffff,842a10bffffffff
costco,47.774849,-122.344447,8528d54ffffffff,8428d55ffffffff
costco,30.20226,-81.756311,8544f01bfffffff,8444f01ffffffff
costco,34.230618,-118.550457,8529a18ffffffff,8429a19ffffffff
costco,47.550673,-122.052198,8528d55bfffffff,8428d55ffffffff
costco,37.694781,-121.917724,8528346ffffffff,8428347ffffffff
costco,47.156326,-122.308696,8528d5d3fffffff,8428d5dffffffff
costco,44.830393,-91.447596,8527538ffffffff,8427539ffffffff
costco,30.030899,-97.851349,85489ea3fffffff,84489ebffffffff
costco,35.161961,-80.884761,8544d84ffffffff,8444d85ffffffff
costco,42.8766,-85.764064,85274857fffffff,8427485ffffffff
costco,33.044838,-96.698984,8526c83bfffffff,8426c83ffffffff
costco,33.397785,-84.61741,8544ea4bfffffff,8444ea5ffffffff
costco,26.807207,-80.087622,8544aebbfffffff,8444aebffffffff
costco,43.08951,-88.231795,85275d63fffffff,84275d7ffffffff
costco,35.251848,-120.691223,8529adc7fffffff,8429addffffffff
costco,39.636904,-105.086534,85268ccbfffffff,84268cdffffffff
costco,38.671721,-121.72273,852832b7fffffff,842832bffffffff
costco,40.67305,-74.104495,852a1073fffffff,842a107ffffffff
costco,40.672497,-89.583522,852662cbfffffff,842662dffffffff
costco,41.844356,-87.805472,852664cbfffffff,842664dffffffff
costco,42.448231,-83.206023,852ab2c3fffffff,842ab2dffffffff
costco,28.188773,-82.394257,85441a03fffffff,84441a1ffffffff
costco,46.84456,-96.887663,852626c7fffffff,842626dffffffff
costco,36.279741,-115.207891,852986abfffffff,842986bffffffff
costco,33.459749,-112.500241,8529b69bfffffff,8429b69ffffffff
costco,36.839631,-119.787951,8529ab83fffffff,8429ab9ffffffff
costco,47.165787,-122.158352,8528d5dbfffffff,8428d4bffffffff
costco,39.295921,-84.302928,852a9313fffffff,842a931ffffffff
costco,38.468475,-121.414341,85283287fffffff,8428329ffffffff
costco,28.599536,-81.300069,8544a90ffffffff,8444a91ffffffff
costco,46.895681,-114.037627,85289853fffffff,8428985ffffffff
costco,39.644362,-106.890825,8526838ffffffff,8426839ffffffff
costco,46.562131,-120.500698,852889bbfffffff,842889bffffffff
costco,44.93669,-92.964003,85275267fffffff,8427527ffffffff
costco,34.089515,-118.148531,8529a1d3fffffff,8429a1dffffffff
costco,38.597675,-90.507433,8526462ffffffff,8426463ffffffff
costco,41.745328,-88.203357,85266697fffffff,8426669ffffffff
costco,34.75751,-92.451867,85265b4bfffffff,84265b5ffffffff
costco,34.137557,-117.442672,8529a03bfffffff,8429a03ffffffff
costco,33.850639,-118.135641,8529a56bfffffff,8429a57ffffffff
costco,38.643548,-77.295374,852aaaa7fffffff,842aaabffffffff
costco,38.849971,-77.371782,852aaab3fffffff,842aaabffffffff
costco,41.909268,-88.343236,8527592bfffffff,8427593ffffffff
costco,44.271215,-88.477562,85275cb3fffffff,84275cbffffffff
costco,30.648361,-88.118825,85445003fffffff,8444501ffffffff
costco,39.643831,-105.008148,85268cc3fffffff,84268cdffffffff
costco,26.192182,-98.202187,8548b387fffffff,8448b39ffffffff
costco,34.070544,-81.139155,8544dc4bfffffff,8444dc5ffffffff
costco,36.292947,-119.306402,8529a847fffffff,8429a85ffffffff
costco,38.892709,-104.718205,85268c63fffffff,84268c7ffffffff
costco,32.812013,-115.572463,85485ba7fffffff,84485bbffffffff
costco,37.642454,-122.400634,85283093fffffff,8428309ffffffff
costco,47.547613,-122.050506,8528d55bfffffff,8428d55ffffffff
costco,64.853075,-147.706709,850d5a93fffffff,840d5a9ffffffff
costco,38.689481,-121.297166,852832bbfffffff,842832bffffffff
costco,39.779876,-104.795173,85268cd3fffffff,84268cdffffffff
costco,40.807028,-73.285716,852a10a3fffffff,842a10bffffffff
costco,42.70663,-83.295923,85274daffffffff,84274dbffffffff
costco,39.889768,-75.531831,852aacbbfffffff,842aacbffffffff
costco,40.520554,-104.98892,8526aa53fffffff,8426aa5ffffffff
costco,38.989092,-84.646112,852a9373fffffff,842a937ffffffff
costco,38.087262,-122.550638,852830bbfffffff,842830bffffffff
costco,33.293473,-111.898873,8548ebb7fffffff,8448ebbffffffff
costco,43.114712,-77.615108,852b9923fffffff,842b993ffffffff
costco,33.803634,-116.389574,8529a623fffffff,8429a63ffffffff
costco,33.467334,-112.274438,8548e96ffffffff,8448e97ffffffff
costco,29.432011,-98.713736,85489c17fffffff,84489c1ffffffff
costco,34.109123,-117.192461,8529a00ffffffff,8429a01ffffffff
costco,37.303162,-120.497494,852836d3fffffff,842836dffffffff
costco,29.585453,-95.643459,85446ca3fffffff,84446cbffffffff
costco,40.69418,-74.287641,852a107bfffffff,842a107ffffffff
costco,38.895159,-77.443073,852aaab3fffffff,842aaabffffffff
costco,30.022264,-95.267074,85446c23fffffff,84446c3ffffffff
costco,41.091814,-73.451216,852a1083fffffff,842a109ffffffff
costco,36.806157,-119.702774,8529ab9bfffffff,8429ab9ffffffff
costco,30.471962,-97.591521,85489e2ffffffff,84489e3ffffffff
costco,34.514996,-117.318601,8529a067fffffff,8429a39ffffffff
costco,26.588499,-80.071639,8544ae83fffffff,8444ae9ffffffff
costco,28.495552,-81.425431,8544a907fffffff,8444a91ffffffff
costco,20.887105,-156.450871,855d144ffffffff,845d145ffffffff
costco,33.659388,-112.115502,8529b6c3fffffff,8429b6dffffffff
costco,42.231906,-71.173641,852a339bfffffff,842a339ffffffff
costco,19.685862,-156.01706,855d107bfffffff,845d107ffffffff
costco,44.840432,-93.601984,85262cdbfffffff,84262cdffffffff
costco,29.981552,-81.463435,8544f0cbfffffff,8444f0dffffffff
costco,38.783511,-77.516895,852aaaa3fffffff,842aaabffffffff
costco,47.565393,-122.330328,8528d557fffffff,8428d55ffffffff
costco,33.77242,-117.940792,8529a0b7fffffff,8429a0bffffffff
costco,29.782545,-95.78152,85446ca7fffffff,84446ddffffffff
costco,32.918454,-96.767497,8526c867fffffff,8426c87ffffffff
costco,45.811992,-122.69178,8528f077fffffff,8428f07ffffffff
costco,33.919849,-118.102206,8529a56bfffffff,8429a57ffffffff
costco,40.049342,-82.908832,852a9563fffffff,842a957ffffffff
costco,42.270924,-85.650394,85274867fffffff,8427487ffffffff
costco,44.046708,-92.516993,85262ddbfffffff,84262ddffffffff
costco,40.107519,-83.191302,852a90b7fffffff,842a90bffffffff
costco,32.326318,-111.048773,8548e80bfffffff,8448e81ffffffff
costco,29.968379,-90.11131,85444657fffffff,8444465ffffffff
costco,35.384448,-119.049137,8529aeb3fffffff,8429aebffffffff
costco,37.991522,-87.467091,85266a13fffffff,84266a1ffffffff
costco,39.959538,-105.174396,852681a3fffffff,842681bffffffff
costco,42.083331,-87.932579,85275937fffffff,8427593ffffffff
costco,41.759023,-87.744844,85266453fffffff,8426645ffffffff
costco,42.515657,-83.117504,852ab2c3fffffff,842ab2dffffffff
costco,40.435498,-74.505113,852a13d3fffffff,842a13dffffffff
costco,41.177519,-96.109619,85260e2ffffffff,84260e3ffffffff
costco,37.56182,-122.27433,85283093fffffff,8428309ffffffff
costco,44.638814,-123.069263,8528f433fffffff,8428f43ffffffff
costco,26.009297,-80.360676,8544a1abfffffff,8444a1bffffffff
costco,28.190903,-80.720204,8544a82ffffffff,8444a83ffffffff
costco,33.17469,-96.836009,8526c80ffffffff,8426c81ffffffff
costco,38.796202,-90.607001,8526463bfffffff,8426463ffffffff
costco,43.585313,-116.276446,8528843bfffffff,8428843ffffffff
costco,48.234067,-114.332512,85289b7bfffffff,84289b7ffffffff
costco,42.015086,-87.780807,852664dbfffffff,842664dffffffff
costco,40.694028,-111.954904,85269607fffffff,8426961ffffffff
costco,36.809892,-119.874122,8529ab83fffffff,8429ab9ffffffff
costco,38.203867,-85.668315,852668b3fffffff,842668bffffffff
costco,33.023981,-96.831691,8526c877fffffff,8426c87ffffffff
costco,38.958895,-94.73369,85265673fffffff,8426567ffffffff
costco,35.604962,-97.531073,8526c19bfffffff,8426c19ffffffff
costco,33.6079,-112.410961,8529b68bfffffff,8429b69ffffffff
costco,37.66746,-122.102371,8528309bfffffff,8428347ffffffff
costco,38.861708,-77.057459,852aa87bfffffff,842aa85ffffffff
costco,35.129532,-80.704646,8544dab3fffffff,8444dabffffffff
costco,45.509163,-122.841581,8528f017fffffff,8428f01ffffffff
costco,41.71954,-86.171755,85274b0bfffffff,84274b5ffffffff
costco,38.294539,-77.515922,852aab53fffffff,842aab5ffffffff
costco,38.316797,-85.572977,85266d4bfffffff,84266d5ffffffff
costco,48.7908,-122.514966,8528d17bfffffff,8428d17ffffffff
costco,46.423092,-117.043148,85288ad3fffffff,84288e7ffffffff
costco,41.475791,-87.321219,8526640ffffffff,8426641ffffffff
costco,42.607009,-83.293041,852ab2dbfffffff,842ab2dffffffff
costco,38.10026,-121.263328,8528362bfffffff,8428363ffffffff
costco,33.703358,-117.931571,8529a54ffffffff,8429a0bffffffff
costco,33.942783,-118.333392,8529a56ffffffff,8429a57ffffffff
costco,44.105046,-121.305848,8528a903fffffff,8428a91ffffffff
costco,41.753059,-111.858116,8528b657fffffff,8428b61ffffffff
costco,37.357214,-121.937336,85283473fffffff,8428347ffffffff
costco,32.901671,-97.32013,8526caa7fffffff,8426cabffffffff
costco,32.608534,-117.083885,8529a4c7fffffff,8429a4dffffffff
costco,42.904696,-112.45576,8528b2abfffffff,8428b2bffffffff
costco,37.122776,-113.523389,85299577fffffff,8429957ffffffff
costco,38.741714,-77.087693,852aa87bfffffff,842aa87ffffffff
costco,39.357858,-76.444935,852aa8d7fffffff,842aa8dffffffff
costco,33.219878,-96.879747,8526c80ffffffff,8426c81ffffffff
costco,47.825866,-122.309838,8528d54ffffffff,8428d55ffffffff
costco,40.238526,-75.57551,852aac9bfffffff,842aac9ffffffff
costco,26.273416,-80.149981,8544a12bfffffff,8444a13ffffffff
costco,40.419833,-74.170849,852a1067fffffff,842a107ffffffff
amc,25.956286,-80.146296,8544a103fffffff,8444a11ffffffff
amc,33.316841,-111.977307,8548ebb7fffffff,8448ebbffffffff
amc,37.740306,-97.241089,8526e38bfffffff,8426e39ffffffff
amc,41.891478,-87.618792,852664c3fffffff,842664dffffffff
amc,41.962215,-87.807336,852664cbfffffff,842664dffffffff
amc,36.10651,-95.91931,8526ee2ffffffff,8426ee3ffffffff
amc,32.678907,-97.127693,8526cbd7fffffff,8426cbdffffffff
amc,33.075306,-97.085729,8526c87bfffffff,8426c87ffffffff
amc,32.966642,-97.044703,8526c863fffffff,8426c87ffffffff
amc,26.169789,-80.114828,8544a13bfffffff,8444a13ffffffff
amc,28.666548,-81.38127,8544a93bfffffff,8444a91ffffffff
amc,34.155472,-84.177485,8544c12ffffffff,8444c13ffffffff
amc,34.048014,-84.296421,8544c123fffffff,8444c13ffffffff
amc,33.853328,-84.36074,8544c133fffffff,8444c13ffffffff
amc,30.392309,-86.423499,8544e5affffffff,8444e5bffffffff
amc,39.874111,-83.03769,852a956ffffffff,842a957ffffffff
amc,30.002289,-90.183011,85444657fffffff,8444465ffffffff
amc,42.394489,-71.080047,852a3067fffffff,842a307ffffffff
amc,42.62202,-83.060158,852ab2d3fffffff,842ab2dffffffff
amc,26.177642,-80.269143,8544a133fffffff,8444a13ffffffff
amc,40.587133,-75.558348,852a1273fffffff,842a127ffffffff
amc,39.938331,-75.353495,852aacb3fffffff,842aacbffffffff
amc,47.385009,-122.234067,8528d5cbfffffff,8428d5dffffffff
amc,47.457517,-122.258778,8528d553fffffff,8428d5dffffffff
amc,35.172953,-80.850075,8544d84ffffffff,8444d85ffffffff
amc,44.879526,-93.325828,85262cd3fffffff,84262cdffffffff
amc,37.154753,-93.230169,85265333fffffff,8426533ffffffff
amc,26.364261,-98.791485,8548b173fffffff,8448b17ffffffff
amc,31.524849,-97.159696,85489a2bfffffff,84489a7ffffffff
amc,39.006177,-77.487908,852aaa87fffffff,842aaa9ffffffff
amc,42.697734,-71.440954,852a304ffffffff,842a305ffffffff
amc,41.426939,-81.737763,852ab38ffffffff,842ab39ffffffff
amc,47.579076,-122.170252,8528d55bfffffff,8428d55ffffffff
amc,39.045791,-76.937556,852aa857fffffff,842aa85ffffffff
amc,42.531069,-83.111036,852ab2c3fffffff,842ab2dffffffff
amc,42.559714,-82.899945,852ab2d7fffffff,842ab2dffffffff
amc,42.701578,-83.306484,85274daffffffff,84274dbffffffff
amc,33.451206,-86.727649,8544e837fffffff,8444e83ffffffff
amc,33.372241,-86.814554,8544e8affffffff,8444e83ffffffff
amc,31.268798,-85.450258,8544e157fffffff,8444e15ffffffff
amc,40.53617,-105.081473,8526aa53fffffff,8426aa5ffffffff
amc,28.116418,-82.741208,85441abbfffffff,84441abffffffff
amc,30.379786,-86.315569,8544e533fffffff,8444e53ffffffff
amc,28.042142,-80.662674,8544a823fffffff,8444a83ffffffff
amc,33.658016,-84.510667,8544c1a3fffffff,8444c1bffffffff
amc,33.943017,-83.739443,8544c17bfffffff,8444c17ffffffff
amc,42.446463,-96.353519,85260177fffffff,8426017ffffffff
amc,42.912073,-112.472276,8528b2abfffffff,8428b2bffffffff
amc,41.322027,-89.135291,85266647fffffff,8426665ffffffff
amc,41.817948,-89.64864,85275b3bfffffff,84275b3ffffffff
amc,40.691434,-89.481906,852662cbfffffff,842662dffffffff
amc,41.070805,-85.195834,852a9657fffffff,842a965ffffffff
amc,39.710735,-86.360787,852661abfffffff,842661bffffffff
amc,43.035813,-82.45395,852ab603fffffff,842ab61ffffffff
amc,43.955677,-86.373947,85274ed7fffffff,84274edffffffff
amc,43.473166,-83.970429,85274dd3fffffff,84274ddffffffff
amc,44.733283,-85.650117,8527418ffffffff,8427419ffffffff
amc,38.782595,-93.733116,852650cbfffffff,842650dffffffff
amc,46.887345,-114.043328,85289853fffffff,8428985ffffffff
amc,35.079379,-78.968323,852ad677fffffff,842ad67ffffffff
amc,34.763575,-77.3782,852ad543fffffff,842ad55ffffffff
amc,35.666865,-78.843291,852ad6d7fffffff,842ad6dffffffff
amc,35.021472,-106.711123,8548d897fffffff,8448dd5ffffffff
amc,40.227239,-76.939781,852aae93fffffff,842aae9ffffffff
amc,31.312876,-94.724843,85446867fffffff,8444687ffffffff
amc,31.639372,-94.655529,85446bc7fffffff,84446bdffffffff
amc,37.231307,-79.974126,852a8a97fffffff,842a8a9ffffffff
amc,47.661643,-122.318059,8528d543fffffff,8428d55ffffffff
amc,39.401756,-104.879565,85268c57fffffff,84268c5ffffffff
amc,41.848669,-87.742735,852664cbfffffff,842664dffffffff
amc,41.2424,-95.895612,852608cbfffffff,84260e3ffffffff
amc,39.701778,-86.152557,852661a3fffffff,842661bffffffff
amc,43.081287,-88.766371,852758a3fffffff,842758bffffffff
amc,38.320614,-88.958667,852640b7fffffff,8426457ffffffff
amc,36.7331,-90.444565,85265dd3fffffff,84265ddffffffff
amc,39.829754,-84.836184,852a92affffffff,842a92bffffffff
amc,41.633192,-86.255895,85274b47fffffff,84274b7ffffffff
amc,39.427053,-87.425162,852663a7fffffff,842663bffffffff
amc,38.915842,-94.648329,85265663fffffff,8426567ffffffff
amc,39.559937,-104.991772,85268ccbfffffff,84268cdffffffff
amc,39.889178,-105.070702,852681a7fffffff,842681bffffffff
amc,38.674788,-90.410951,85264623fffffff,8426463ffffffff
amc,41.883492,-87.628808,852664c3fffffff,842664dffffffff
amc,35.24554,-97.484972,8526c117fffffff,8426c11ffffffff
amc,30.470014,-97.807225,85489e27fffffff,84489e3ffffffff
amc,30.408954,-97.672032,85489e27fffffff,84489e3ffffffff
amc,32.950612,-96.614217,8526c82bfffffff,8426c83ffffffff
amc,29.604901,-95.2129,85446c17fffffff,84446c1ffffffff
amc,25.746923,-80.390259,8544a1bbfffffff,8444a19ffffffff
amc,28.825111,-81.784512,8544f4cbfffffff,8444f4dffffffff
amc,36.81569,-76.073093,852af637fffffff,842af63ffffffff
amc,39.214737,-76.861082,852aa8cffffffff,842aa8dffffffff
amc,39.035319,-77.052041,852aa843fffffff,842aa85ffffffff
amc,37.061884,-76.423182,852af60ffffffff,842af61ffffffff
amc,41.266879,-96.06825,85260e27fffffff,84260e3ffffffff
amc,29.962526,-90.191795,85444657fffffff,8444465ffffffff
amc,29.898685,-90.060505,85444653fffffff,8444465ffffffff
amc,40.073483,-74.967149,852a1343fffffff,842a135ffffffff
amc,26.10461,-80.361058,8544a133fffffff,8444a13ffffffff
amc,26.010544,-80.307661,8544a1abfffffff,8444a1bffffffff
amc,39.951803,-75.156864,852a134ffffffff,842a135ffffffff
amc,39.882743,-75.550096,852aacbbfffffff,842aacbffffffff
amc,38.907337,-94.767139,8526567bfffffff,8426567ffffffff
amc,45.430487,-122.831748,8528f017fffffff,8428f01ffffffff
amc,45.616497,-122.550714,8528f00bfffffff,8428f01ffffffff
amc,41.22877,-73.183798,852a1093fffffff,842a109ffffffff
amc,41.054351,-73.541202,852a108bfffffff,842a109ffffffff
amc,38.987565,-76.546551,852aa803fffffff,842aa81ffffffff
amc,35.479505,-97.755027,8526c1c7fffffff,8426c1dffffffff
amc,36.279899,-95.832987,8526ee23fffffff,8426ee3ffffffff
amc,39.406595,-76.785046,852aa8dbfffffff,842aa8dffffffff
amc,42.218319,-71.032921,852a3393fffffff,842a339ffffffff
amc,40.083935,-74.960879,852a1343fffffff,842a135ffffffff
amc,47.654567,-122.694792,8528d50bfffffff,8428d51ffffffff
amc,29.641149,-95.584321,85446ca3fffffff,84446cbffffffff
amc,47.701814,-122.342396,8528d547fffffff,8428d55ffffffff
amc,41.651594,-87.744192,85266457fffffff,8426645ffffffff
amc,42.552848,-70.940191,852a300ffffffff,842a301ffffffff
amc,38.620144,-76.92814,852aa863fffffff,842aa87ffffffff
amc,42.807709,-86.084697,85274843fffffff,8427485ffffffff
amc,32.360195,-86.132084,8544eeb7fffffff,8444eebffffffff
amc,33.607769,-112.355485,8529b6d7fffffff,8429b69ffffffff
amc,34.194532,-84.795747,8544ccc7fffffff,8444ccdffffffff
amc,34.953996,-85.246127,8544cc27fffffff,8444cc3ffffffff
amc,31.986966,-81.171829,8544d5d7fffffff,8444d5dffffffff
amc,33.903626,-84.004025,8544c177fffffff,8444c17ffffffff
amc,39.179117,-96.558633,8526e423fffffff,8426e43ffffffff
amc,45.75138,-108.613229,85279e37fffffff,84279e3ffffffff
amc,35.570725,-82.520698,8544d983fffffff,8444d99ffffffff
amc,34.797092,-77.417148,852ad55bfffffff,842ad55ffffffff
amc,40.268624,-75.658919,852aac9bfffffff,842aac9ffffffff
amc,40.826234,-76.848438,852aa11bfffffff,842aa11ffffffff
amc,34.07559,-81.161411,8544dc4bfffffff,8444dc5ffffffff
amc,33.792402,-78.766571,852ad31bfffffff,842ad31ffffffff
amc,36.131513,-85.506084,8544c91bfffffff,8444c91ffffffff
amc,35.746414,-83.996084,8544caa3fffffff,8444cabffffffff
amc,37.506783,-77.619727,852a8dd7fffffff,842a8d9ffffffff
amc,45.152745,-93.277994,8527527bfffffff,8427527ffffffff
amc,39.775344,-85.983193,852661b7fffffff,842661bffffffff
amc,43.571951,-89.77576,852758dbfffffff,842758dffffffff
amc,41.673443,-86.887483,852664bbfffffff,842664bffffffff
amc,41.516395,-87.991121,8526644ffffffff,8426645ffffffff
amc,40.602476,-89.629488,85266253fffffff,842662dffffffff
amc,38.957431,-77.401142,852aaab3fffffff,842aaabffffffff
amc,38.634215,-90.316683,85264627fffffff,8426463ffffffff
amc,38.972933,-94.60553,85265673fffffff,8426567ffffffff
amc,39.930116,-105.135489,852681a7fffffff,842681bffffffff
amc,39.729678,-104.9391,85268cd3fffffff,84268cdffffffff
amc,33.423188,-111.942002,8548eba7fffffff,8448ebbffffffff
amc,39.242969,-94.656089,8526561bfffffff,8426561ffffffff
amc,33.642009,-112.225356,8529b6d7fffffff,8429b6dffffffff
amc,42.24394,-87.949333,852759abfffffff,842759bffffffff
amc,32.868639,-96.77393,8526c867fffffff,8426c87ffffffff
amc,32.757099,-97.171029,8526cbd3fffffff,8426cbdffffffff
amc,30.194402,-95.451163,85446c27fffffff,84446c3ffffffff
amc,29.423384,-98.484075,85489c1bfffffff,84489c1ffffffff
amc,27.234348,-82.494565,85441e0bfffffff,84441e1ffffffff
amc,38.806345,-76.980386,852aa87bfffffff,842aa87ffffffff
amc,39.024138,-77.146,852aa843fffffff,842aa85ffffffff
amc,40.140306,-74.953939,852a1353fffffff,842a135ffffffff
amc,39.000054,-76.908245,852aa847fffffff,842aa85ffffffff
amc,38.91754,-77.21878,852aa84ffffffff,842aa85ffffffff
amc,40.105464,-83.0977,852a957bfffffff,842a957ffffffff
amc,40.031199,-82.447179,852a953bfffffff,842a953ffffffff
amc,33.969109,-84.019333,8544c177fffffff,8444c17ffffffff
amc,33.563312,-84.329201,8544c1bbfffffff,8444c1bffffffff
amc,32.340823,-86.17766,8544eeb7fffffff,8444eebffffffff
amc,30.385561,-91.084054,854440cbfffffff,844440dffffffff
amc,35.904681,-78.944265,852ad6d3fffffff,842ad6dffffffff
amc,36.067716,-115.178819,852986bbfffffff,842986bffffffff
amc,30.4815,-90.464064,85444667fffffff,8444467ffffffff
amc,27.643315,-80.459682,8544a81bfffffff,8444a81ffffffff
amc,40.349773,-75.967015,852aacd3fffffff,842aacdffffffff
amc,47.659598,-117.423822,8512db77fffffff,8412db7ffffffff
amc,45.658057,-122.582274,8528f00bfffffff,8428f01ffffffff
amc,41.100844,-73.419755,852a1083fffffff,842a109ffffffff
amc,44.854204,-93.429295,85262cd3fffffff,84262cdffffffff
amc,35.353528,-80.85032,8544dab7fffffff,8444dabffffffff
amc,35.370359,-80.726033,8544daa3fffffff,8444dabffffffff
amc,32.660416,-97.404901,8526cbdbfffffff,8426cbdffffffff
amc,32.803963,-97.430136,8526caaffffffff,8426cabffffffff
amc,41.840183,-88.001748,85275927fffffff,8427593ffffffff
amc,41.757392,-87.736971,85266453fffffff,8426645ffffffff
amc,41.081809,-111.979259,85269683fffffff,8426969ffffffff
amc,38.901148,-76.847771,852aa847fffffff,842aa85ffffffff
amc,41.776647,-87.858972,85266453fffffff,8426645ffffffff
amc,41.416136,-73.415348,852a1467fffffff,842a147ffffffff
amc,42.744001,-71.15712,852a3047fffffff,842a305ffffffff
amc,32.341871,-111.016106,8548e847fffffff,8448e85ffffffff
amc,39.370731,-76.464614,852aa8d7fffffff,842aa8dffffffff
amc,33.408309,-86.667163,8544e833fffffff,8444e83ffffffff
amc,30.653117,-87.903008,85445057fffffff,8444505ffffffff
amc,30.673138,-88.221628,85445003fffffff,8444501ffffffff
amc,25.865177,-80.297797,8544a117fffffff,8444a11ffffffff
amc,30.485021,-87.260157,85445293fffffff,8444529ffffffff
amc,27.605406,-81.515036,8544ad73fffffff,8444ad7ffffffff
amc,34.755913,-84.934269,8544cc77fffffff,8444cc7ffffffff
amc,32.43409,-81.763589,8544d5a7fffffff,8444d5bffffffff
amc,40.147507,-88.260228,852663d3fffffff,8426607ffffffff
amc,41.065016,-83.667406,852a940bfffffff,842a941ffffffff
amc,40.069616,-80.869517,852a8623fffffff,842a863ffffffff
amc,39.076577,-84.349859,852a9307fffffff,842a931ffffffff
amc,36.043691,-96.003586,8526ea97fffffff,8426ea9ffffffff
amc,44.587798,-123.249,8528f5dbfffffff,8428f4bffffffff
amc,40.343425,-80.053904,852a847bfffffff,842a847ffffffff
amc,40.700079,-79.724461,852a841bfffffff,842a841ffffffff
amc,35.942934,-86.823799,85264d03fffffff,84264d1ffffffff
amc,36.050655,-86.651707,85264d17fffffff,84264d1ffffffff
amc,36.081822,-86.94827,85264d1bfffffff,84264d1ffffffff
amc,32.26848,-95.309488,8526c937fffffff,8426c93ffffffff
amc,39.597572,-104.80103,85268cc7fffffff,84268cdffffffff
amc,38.783462,-89.955725,852640d3fffffff,842640dffffffff
amc,37.79245,-90.441107,852643dbfffffff,842642bffffffff
amc,43.014259,-89.466183,8527580ffffffff,8427581ffffffff
amc,39.611163,-105.085649,85268ccbfffffff,84268cdffffffff
amc,40.571551,-85.683059,852665a7fffffff,842665bffffffff
amc,40.225771,-85.376274,852a92c7fffffff,842a92dffffffff
amc,42.270594,-88.953205,8527594ffffffff,8427595ffffffff
amc,41.499134,-87.475738,8526640bfffffff,8426641ffffffff
amc,42.009616,-87.765042,852664dbfffffff,842664dffffffff
amc,39.865941,-74.921261,852a1347fffffff,842a135ffffffff
amc,28.032701,-82.542723,85441a13fffffff,84441a1ffffffff
amc,27.848441,-82.348888,85441ad7fffffff,84441adffffffff
amc,30.326985,-81.554875,8544f047fffffff,8444f05ffffffff
amc,33.746407,-84.356074,8544c1abfffffff,8444c1bffffffff
amc,39.318698,-84.421289,852a9313fffffff,842a931ffffffff
amc,28.556068,-81.514896,8544a907fffffff,8444a91ffffffff
amc,35.108411,-80.87448,8544d84bfffffff,8444d85ffffffff
amc,33.53542,-112.261221,8529b6d7fffffff,8429b6dffffffff
amc,30.623526,-81.54653,8544f063fffffff,8444f07ffffffff
amc,41.980001,-87.867561,85275937fffffff,8427593ffffffff
amc,35.803677,-78.809196,852a896ffffffff,842ad6dffffffff
amc,36.172259,-82.838254,852a9b27fffffff,842a9b3ffffffff
amc,31.894478,-106.437373,8548c613fffffff,8448c61ffffffff
amc,39.626958,-79.997668,852a8017fffffff,842a801ffffffff
amc,33.453639,-112.068254,8529b6d3fffffff,8429b6dffffffff
amc,25.705357,-80.286355,8544a18ffffffff,8444a19ffffffff
amc,33.981123,-84.079502,8544c177fffffff,8444c13ffffffff
amc,41.852472,-87.952965,85275927fffffff,8427593ffffffff
amc,29.640681,-90.75728,85444683fffffff,8444469ffffffff
amc,42.365659,-71.06165,852a3067fffffff,842a307ffffffff
amc,38.882656,-94.651544,85265663fffffff,8426567ffffffff
amc,41.126704,-73.384352,852a1083fffffff,842a109ffffffff
amc,32.740605,-96.449266,8526c95bfffffff,8426c95ffffffff
amc,39.909227,-86.065379,852a924ffffffff,842a925ffffffff
amc,47.612861,-122.335178,8528d543fffffff,8428d55ffffffff
amc,47.162566,-122.512358,8528d5d7fffffff,8428d5dffffffff
amc,41.892648,-87.62492,852664c3fffffff,842664dffffffff
amc,35.329429,-94.424505,8526e957fffffff,8426e95ffffffff
amc,32.549043,-84.941948,8544c5b7fffffff,8444c5bffffffff
amc,40.782995,-89.676785,85267537fffffff,8426753ffffffff
amc,41.915727,-87.7645,852664cbfffffff,842664dffffffff
amc,39.205689,-85.882211,85266cc7fffffff,84266cdffffffff
amc,37.972862,-87.643746,85266a1bfffffff,84266a1ffffffff
amc,39.914307,-86.265515,85266187fffffff,842661bffffffff
amc,44.868456,-93.05887,85262c9bfffffff,8427527ffffffff
amc,29.775522,-95.809345,85446dd3fffffff,84446ddffffffff
amc,32.95159,-96.820602,8526c867fffffff,8426c87ffffffff
amc,32.709159,-97.40204,8526cbdbfffffff,8426cbdffffffff
amc,41.054266,-73.537588,852a108bfffffff,842a109ffffffff
amc,39.982536,-83.149514,852a956bfffffff,842a957ffffffff
amc,40.114551,-75.279183,852aac97fffffff,842aac9ffffffff
amc,41.71501,-87.783789,85266453fffffff,8426645ffffffff
amc,30.472552,-87.216959,85445293fffffff,8444529ffffffff
amc,34.250398,-84.480589,8544cc53fffffff,8444cc5ffffffff
amc,41.386028,-88.428669,852666bbfffffff,842666bffffffff
amc,34.85591,-76.893038,852ad5c7fffffff,842ad5dffffffff
amc,40.297472,-79.505011,852a843bfffffff,842a843ffffffff
amc,40.235165,-76.970065,852aae93fffffff,842aae9ffffffff
amc,35.002369,-85.223985,8544cd5bfffffff,8444cc3ffffffff
amc,29.762097,-95.366533,85446cabfffffff,84446cbffffffff
amc,40.299644,-111.66039,85269627fffffff,8426963ffffffff
amc,39.048426,-94.354591,85265607fffffff,8426561ffffffff
amc,39.962008,-104.99429,852681a7fffffff,842681bffffffff
amc,33.379777,-111.598539,8548ebabfffffff,8448ebbffffffff
amc,33.384177,-111.802097,8548eba3fffffff,8448ebbffffffff
amc,39.125533,-94.847224,85265647fffffff,8426565ffffffff
amc,42.085794,-87.931259,85275937fffffff,8427593ffffffff
amc,35.5248,-97.544449,8526c18bfffffff,8426c19ffffffff
amc,29.953278,-95.540976,85446c37fffffff,84446c3ffffffff
amc,30.009388,-95.270548,85446c23fffffff,84446c3ffffffff
amc,33.677119,-111.976525,8529b6cbfffffff,8429b6dffffffff
amc,32.755589,-97.330417,8526cbdbfffffff,8426cbdffffffff
amc,32.788628,-96.627309,8526cb93fffffff,8426cb9ffffffff
amc,26.686386,-81.904197,85441377fffffff,8444133ffffffff
amc,38.802366,-77.070907,852aa87bfffffff,842aa87ffffffff
amc,38.890102,-77.08513,852aa84ffffffff,842aa85ffffffff
amc,33.808075,-84.278245,8544c107fffffff,8444c13ffffffff
amc,36.202693,-115.243426,852986a3fffffff,842986bffffffff
amc,34.769602,-92.458644,85265b4bfffffff,84265b5ffffffff
amc,30.439982,-91.010348,854440cbfffffff,844440dffffffff
amc,42.069933,-88.148553,85275933fffffff,8427593ffffffff
amc,42.04902,-87.684382,852664dbfffffff,842664dffffffff
amc,41.908312,-87.646203,852664c3fffffff,842664dffffffff
amc,42.428421,-83.430647,852ab2cbfffffff,842ab2dffffffff
amc,28.36982,-81.520313,8544a917fffffff,8444a91ffffffff
amc,30.476086,-84.293124,8544e04bfffffff,8444e05ffffffff
amc,30.184906,-81.733013,8544f01bfffffff,8444f01ffffffff
amc,25.955753,-80.141096,8544a103fffffff,8444a11ffffffff
amc,39.978415,-75.157675,852a134bfffffff,842a135ffffffff
amc,45.012843,-93.170491,85275263fffffff,8427527ffffffff
amc,40.207386,-75.225553,852aac97fffffff,842aac9ffffffff
amc,27.946564,-82.52687,85441a8bfffffff,84441a9ffffffff
amc,41.564297,-72.907136,852a1433fffffff,842a143ffffffff
amc,40.537947,-88.990117,8526628ffffffff,8426629ffffffff
amc,38.801518,-97.609727,8526e0cbfffffff,8426e0dffffffff
amc,37.380284,-94.703012,8526ec83fffffff,8426ec9ffffffff
amc,29.758696,-98.70436,85489c3bfffffff,84489c3ffffffff
amc,39.309926,-76.753237,852aa8c3fffffff,842aa8dffffffff
amc,42.303175,-71.390898,852a306ffffffff,842a307ffffffff
amc,42.48159,-71.219113,852a3063fffffff,842a307ffffffff
amc,42.149688,-87.816747,852759affffffff,842759bffffffff
amc,41.458478,-81.858675,852ab313fffffff,842ab39ffffffff
amc,41.642445,-70.992108,852a33a3fffffff,842a33bffffffff
amc,30.057294,-95.438554,85446c27fffffff,84446c3ffffffff
amc,48.463728,-122.339308,8528d153fffffff,8428d15ffffffff
amc,47.755946,-122.154229,8528d54bfffffff,8428d55ffffffff
amc,41.674309,-72.845114,852a14abfffffff,842a141ffffffff
amc,47.827532,-122.275532,8528d54ffffffff,8428d55ffffffff
amc,42.353181,-71.06407,852a3067fffffff,842a307ffffffff
amc,38.267702,-76.458962,852aa94bfffffff,842aa95ffffffff
amc,32.627049,-85.45222,8544ee77fffffff,8444ee7ffffffff
amc,33.446958,-86.793292,8544e837fffffff,8444e83ffffffff
amc,34.572401,-87.017448,8526492bfffffff,8426493ffffffff
amc,31.251154,-85.429441,8544e143fffffff,8444e15ffffffff
amc,32.611944,-85.403217,8544ee77fffffff,8444ee7ffffffff
amc,30.291984,-87.628597,85445637fffffff,8444563ffffffff
amc,32.461958,-86.399333,8544ec63fffffff,8444ec7ffffffff
amc,38.946882,-104.793949,85268c63fffffff,84268c7ffffffff
amc,41.581364,-71.990469,852a3363fffffff,842a337ffffffff
amc,30.098218,-81.714698,8544f01bfffffff,8444f0dffffffff
amc,28.241871,-80.725186,8544a82ffffffff,8444a83ffffffff
amc,29.009606,-80.918863,8544f6d3fffffff,8444f6dffffffff
amc,26.260432,-80.101316,8544a12bfffffff,8444a13ffffffff
amc,27.315019,-80.411533,8544a8c3fffffff,8444a8dffffffff
amc,27.774574,-82.634754,85441a83fffffff,84441a9ffffffff
amc,28.130556,-82.370628,85441a1bfffffff,84441a1ffffffff
amc,32.539979,-84.968499,8544c5b7fffffff,8444c5bffffffff
amc,33.649319,-83.995031,8544c103fffffff,8444c11ffffffff
amc,33.883718,-84.739564,8544ccd3fffffff,8444ccdffffffff
amc,33.036687,-85.03075,8544eac3fffffff,8444eadffffffff
amc,33.107359,-83.257799,8544c03bfffffff,8444c03ffffffff
amc,33.877056,-84.014942,8544c10ffffffff,8444c17ffffffff
amc,39.813671,-88.876035,8526622ffffffff,8426623ffffffff
amc,41.947186,-88.720601,8527596ffffffff,8427597ffffffff
amc,40.020185,-86.901593,852661c7fffffff,842661dffffffff
amc,47.484079,-111.342114,8527905bfffffff,8427905ffffffff
amc,35.566476,-77.361277,852ad48ffffffff,842ad49ffffffff
amc,35.699659,-81.304665,8544db83fffffff,8444db9ffffffff
amc,35.26886,-81.482892,8544d80ffffffff,8444d81ffffffff
amc,35.724895,-77.936177,852ad4cbfffffff,842ad4dffffffff
amc,36.068303,-80.334132,8544db4ffffffff,8444db5ffffffff
amc,48.20758,-101.31219,8527a8a7fffffff,8427a8bffffffff
amc,42.861785,-71.355725,852a3043fffffff,842a305ffffffff
amc,34.189796,-97.156731,8526ceb7fffffff,8426cebffffffff
amc,36.13977,-97.049984,8526c5affffffff,8426c5bffffffff
amc,40.635906,-75.43031,852a120ffffffff,842a127ffffffff
amc,40.45256,-78.401819,852aa377fffffff,842aa37ffffffff
amc,41.00972,-76.423698,852aa183fffffff,842aa19ffffffff
amc,40.357004,-80.051746,852a847bfffffff,842a847ffffffff
amc,44.103445,-103.217934,85261653fffffff,8426165ffffffff
amc,35.206231,-84.847508,8544c88bfffffff,8444c89ffffffff
amc,36.334299,-82.374894,8544d92ffffffff,8444d93ffffffff
amc,35.735187,-86.943222,85264d77fffffff,84264d7ffffffff
amc,35.847644,-86.417487,85264daffffffff,84264dbffffffff
amc,32.537998,-94.747401,85444d93fffffff,84444d9ffffffff
amc,37.269543,-80.032584,852a8a83fffffff,842a8a9ffffffff
amc,39.160101,-78.163925,852aaacffffffff,842aaadffffffff
amc,46.224433,-119.232458,852888a3fffffff,842888bffffffff
amc,39.606694,-104.709258,85268cc7fffffff,84268cdffffffff
amc,37.736311,-89.188713,85264153fffffff,8426415ffffffff
amc,40.969922,-90.39485,85267573fffffff,8426757ffffffff
amc,39.423929,-84.596593,852a93cffffffff,842a93dffffffff
amc,40.464713,-86.111893,85266523fffffff,8426653ffffffff
amc,39.520182,-104.772613,85268cc7fffffff,84268cdffffffff
amc,42.371326,-89.004409,85275943fffffff,8427595ffffffff
amc,41.496078,-87.475452,8526640bfffffff,8426641ffffffff
amc,38.654999,-87.500655,85266e73fffffff,84266e7ffffffff
amc,38.765313,-90.492787,85264623fffffff,8426463ffffffff
amc,33.508509,-112.027652,8529b6d3fffffff,8429b6dffffffff
amc,33.666045,-112.124067,8529b6c3fffffff,8429b6dffffffff
amc,35.610328,-97.558874,8526c19bfffffff,8426c19ffffffff
amc,32.576315,-97.3244,8526cbcbfffffff,8426cbdffffffff
amc,33.0988,-96.811099,8526c877fffffff,8426c87ffffffff
amc,29.593202,-95.619901,85446ca3fffffff,84446cbffffffff
amc,27.943143,-82.324247,85441ac7fffffff,84441adffffffff
amc,38.644394,-77.299128,852aaaa7fffffff,842aaabffffffff
amc,40.051159,-82.915237,852a9563fffffff,842a957ffffffff
amc,34.015638,-84.571144,8544ccdbfffffff,8444ccdffffffff
amc,36.107652,-94.148966,8526ed7bfffffff,8426ed7ffffffff
amc,42.325458,-71.06215,852a3067fffffff,842a307ffffffff
amc,28.052228,-82.700399,85441abbfffffff,84441a9ffffffff
amc,38.891115,-99.315815,8526f517fffffff,8426f51ffffffff
amc,33.878711,-84.456603,8544c1affffffff,8444c1bffffffff
amc,30.327699,-97.810827,85489e37fffffff,84489e3ffffffff
amc,32.841143,-96.995589,8526c86ffffffff,8426c87ffffffff
amc,43.064581,-88.043797,85275d77fffffff,84275d7ffffffff
amc,40.406758,-79.918396,852a8473fffffff,842a847ffffffff
amc,38.902755,-77.061646,852aa84ffffffff,842aa85ffffffff
amc,38.841329,-77.089092,852aa87bfffffff,842aa87ffffffff
amc,43.018531,-85.686222,852748cffffffff,842748dffffffff
amc,34.837207,-87.635901,8526494ffffffff,8426495ffffffff
amc,27.449195,-82.531993,85441e63fffffff,84441e7ffffffff
amc,31.621821,-84.207059,8544e34ffffffff,8444e35ffffffff
amc,38.21042,-85.596333,85266d4bfffffff,84266d5ffffffff
amc,45.101877,-93.20647,85275263fffffff,8427527ffffffff
amc,45.769122,-108.579455,85279e37fffffff,842798dffffffff
amc,46.845066,-114.028596,852898cbfffffff,842898dffffffff
amc,35.99331,-80.032579,852a8b7bfffffff,842a8b7ffffffff
amc,34.637046,-98.469722,8526c3affffffff,8426c3bffffffff
amc,35.363271,-96.910876,8526ea4ffffffff,8426ea5ffffffff
amc,40.560428,-75.409161,852a1277fffffff,842a127ffffffff
amc,40.380955,-75.93231,852aacd3fffffff,842aacdffffffff
amc,35.052952,-85.311454,8544cd5bfffffff,8444cd5ffffffff
amc,36.589523,-87.286659,85264caffffffff,84264cbffffffff
amc,35.129319,-85.23684,8544cd5bfffffff,8444cd5ffffffff
amc,36.220515,-83.263094,8544ca6ffffffff,8444ca7ffffffff
amc,35.84338,-86.437951,85264daffffffff,84264dbffffffff
amc,26.274283,-98.171131,8548b387fffffff,8448b39ffffffff
amc,33.868962,-98.532623,8526ddb3fffffff,8426ddbffffffff
amc,44.068416,-87.704663,85274377fffffff,8427437ffffffff
amc,39.161936,-86.571805,85266e97fffffff,84266c5ffffffff
amc,39.982628,-104.823396,8526aa6bfffffff,8426aa7ffffffff
amc,39.716818,-104.95263,85268cc3fffffff,84268cdffffffff
amc,42.524686,-90.738515,85275a2bfffffff,84275a3ffffffff
amc,41.468149,-87.305134,8526640ffffffff,8426641ffffffff
amc,42.180237,-88.333496,8527590ffffffff,8427591ffffffff
amc,37.750748,-88.978756,852641cffffffff,842641dffffffff
amc,39.481775,-88.305918,8526630ffffffff,8426631ffffffff
amc,41.712941,-88.209105,85266697fffffff,8426669ffffffff
amc,42.049709,-87.838859,85275937fffffff,8427593ffffffff
amc,39.934038,-91.362591,852673bbfffffff,842673bffffffff
amc,39.754645,-89.727296,852644c3fffffff,842644dffffffff
amc,39.763883,-89.608423,852644d7fffffff,842644dffffffff
sams,39.987625,-82.030934,852a82dbfffffff,842a82dffffffff
sams,40.06021,-82.911311,852a9563fffffff,842a957ffffffff
sams,38.411125,-82.523055,852a9c7bfffffff,842a9c7ffffffff
sams,32.922147,-96.843222,8526c867fffffff,8426c87ffffffff
sams,39.02284,-77.426724,852aaa87fffffff,842aaa9ffffffff
sams,42.850324,-106.263622,8526a2b3fffffff,8426a2bffffffff
sams,41.691425,-93.578038,85260d97fffffff,84260d9ffffffff
sams,42.706384,-83.28319,85274da7fffffff,84274dbffffffff
sams,42.631078,-83.007724,852ab2d3fffffff,842ab2dffffffff
sams,42.325412,-83.432645,852ab253fffffff,842ab25ffffffff
sams,42.99966,-83.766507,85274d17fffffff,84274d1ffffffff
sams,32.687259,-97.414338,8526cbdbfffffff,8426cbdffffffff
sams,33.877699,-98.542679,8526ddb3fffffff,8426ddbffffffff
sams,29.680609,-82.384928,8544f427fffffff,8444f43ffffffff
sams,42.911089,-85.5605,8527481bfffffff,8427481ffffffff
sams,43.034381,-85.693002,852748cffffffff,842748dffffffff
sams,35.293903,-77.543035,852ad40ffffffff,842ad41ffffffff
sams,34.555421,-82.678382,8544dd8bfffffff,8444dd9ffffffff
sams,40.8341,-77.806994,852aa38ffffffff,842aa39ffffffff
sams,31.301685,-94.731999,85446867fffffff,8444687ffffffff
sams,34.84103,-87.632873,8526494ffffffff,8426495ffffffff
sams,39.414078,-87.415174,852663a7fffffff,842663bffffffff
sams,40.417574,-86.837613,8526656bfffffff,8426657ffffffff
sams,33.553162,-117.177625,8529a0d7fffffff,8429a09ffffffff
sams,33.99391,-117.71805,8529a0affffffff,8429a0bffffffff
sams,42.267751,-84.461751,852749c7fffffff,842749dffffffff
sams,39.044355,-94.367065,8526560ffffffff,8426561ffffffff
sams,34.608237,-118.144835,8529a147fffffff,8429a15ffffffff
sams,28.101383,-81.976842,85441a43fffffff,84441a5ffffffff
sams,42.727926,-88.986506,85275837fffffff,8427583ffffffff
sams,34.95959,-89.981971,852659affffffff,842659bffffffff
sams,34.305917,-88.709985,85264b6bfffffff,84264b7ffffffff
sams,31.897924,-102.332861,8548d6dbfffffff,8448d6dffffffff
sams,44.775146,-91.426619,85275317fffffff,8427531ffffffff
sams,37.08413,-88.688986,8526412bfffffff,8426413ffffffff
sams,30.009531,-90.264438,8544460bfffffff,8444461ffffffff
sams,29.148424,-82.190293,8544f413fffffff,8444f41ffffffff
sams,35.512852,-97.567438,8526c18bfffffff,8426c19ffffffff
sams,28.362382,-80.794033,8544a95bfffffff,8444a95ffffffff
sams,28.076968,-80.696124,8544a823fffffff,8444a83ffffffff
sams,26.761826,-80.105154,8544ae87fffffff,8444ae9ffffffff
sams,40.156679,-75.138177,852a135bfffffff,842a135ffffffff
sams,36.057987,-79.899182,852a8b73fffffff,842a8b7ffffffff
sams,40.432182,-79.801874,852a840ffffffff,842a841ffffffff
sams,44.314666,-69.774587,852b1a6bfffffff,842b1a7ffffffff
sams,43.622825,-70.351449,852a3447fffffff,842a345ffffffff
sams,35.966686,-78.956409,852a8ba7fffffff,842a8bbffffffff
sams,34.233829,-77.877437,852ad037fffffff,842ad03ffffffff
sams,25.975374,-97.518273,8548b3d3fffffff,8448b3dffffffff
sams,37.351155,-79.18661,852a88c7fffffff,842a88dffffffff
sams,33.458891,-94.086244,85444d6bfffffff,84444d7ffffffff
sams,42.432062,-96.371008,85260177fffffff,8426017ffffffff
sams,37.178985,-93.219501,85265333fffffff,8426533ffffffff
sams,39.902145,-88.951335,8526622ffffffff,8426623ffffffff
sams,38.49738,-90.335388,8526405bfffffff,8426405ffffffff
sams,30.82863,-83.320877,8544e24ffffffff,8444e25ffffffff
sams,28.222617,-82.732432,85441aabfffffff,84441abffffffff
sams,36.099791,-95.906553,8526ee2ffffffff,8426ee3ffffffff
sams,29.973412,-90.170433,85444657fffffff,8444465ffffffff
sams,33.550504,-101.947679,8526de6bfffffff,8426de7ffffffff
sams,39.64776,-79.999572,852a8017fffffff,842a801ffffffff
sams,37.982675,-87.471292,85266a13fffffff,84266a1ffffffff
sams,39.9384,-91.3271,852673b3fffffff,842673bffffffff
sams,35.166312,-114.564449,8529b157fffffff,8429b15ffffffff
sams,32.381211,-99.745358,8526d94ffffffff,8426d95ffffffff
sams,40.877995,-81.437384,852a86dbfffffff,842a86dffffffff
sams,42.751511,-73.765951,852b8913fffffff,842b891ffffffff
sams,44.69211,-73.485066,852b8c8ffffffff,842b8c9ffffffff
sams,40.414176,-75.925546,852aacd3fffffff,842aacdffffffff
sams,42.209045,-83.682807,852ab24bfffffff,842ab25ffffffff
sams,35.591994,-82.581518,8544d983fffffff,8444d99ffffffff
sams,33.887393,-84.74928,8544ccd3fffffff,8444ccdffffffff
sams,33.730876,-84.756058,8544ea6bfffffff,8444c1bffffffff
sams,33.500666,-82.084476,8544c22bfffffff,8444c23ffffffff
sams,30.235809,-97.819941,85489e37fffffff,84489e3ffffffff
sams,31.070595,-97.679519,85489aa3fffffff,84489abffffffff
sams,35.304208,-119.095524,8529ac4ffffffff,8429ac5ffffffff
sams,39.336463,-76.48661,852aa8d7fffffff,842aa8dffffffff
sams,39.288976,-76.733636,852aa8c3fffffff,842aa8dffffffff
sams,33.64529,-86.625072,8544e82ffffffff,8444e83ffffffff
sams,42.726551,-71.427196,852a304ffffffff,842a305ffffffff
sams,32.879558,-80.019186,8544d077fffffff,8444d07ffffffff
sams,35.598453,-80.876332,8544dbd3fffffff,8444dbdffffffff
sams,35.030541,-85.189845,8544cd5bfffffff,8444cc3ffffffff
sams,42.228623,-88.308164,85275907fffffff,8427591ffffffff
sams,41.596907,-87.562314,8526640bfffffff,8426641ffffffff
sams,29.220022,-81.098508,8544f68bfffffff,8444f69ffffffff
sams,39.629956,-84.189207,852a939bfffffff,842a939ffffffff
sams,30.634348,-96.301717,85446d3bfffffff,84446d3ffffffff
sams,33.894114,-118.266701,8529a56ffffffff,8429a57ffffffff
sams,41.118816,-81.471405,852ab3affffffff,842ab3bffffffff
sams,35.13851,-106.613566,8548d887fffffff,8448d89ffffffff
sams,33.88853,-84.009048,8544c177fffffff,8444c17ffffffff
sams,33.948817,-84.521627,8544c137fffffff,8444c13ffffffff
sams,29.850729,-97.953998,85489eb7fffffff,84489ebffffffff
sams,30.485482,-97.680948,85489e27fffffff,84489e3ffffffff
sams,31.06462,-97.367483,85489a17fffffff,84489a1ffffffff
sams,39.458295,-76.636948,852aa8d3fffffff,842aa8dffffffff
sams,33.165201,-87.520437,8544ed77fffffff,8444ed7ffffffff
sams,35.083179,-80.879767,8544d84bfffffff,8444d85ffffffff
sams,41.905707,-87.91195,85275927fffffff,8427593ffffffff
sams,39.361448,-82.978077,852a9103fffffff,842a911ffffffff
sams,33.055495,-96.691222,8526c83bfffffff,8426c83ffffffff
sams,32.919685,-96.962626,8526c863fffffff,8426c87ffffffff
sams,32.86792,-96.675498,8526c82bfffffff,8426c83ffffffff
sams,40.7247,-84.07079,852a90d3fffffff,842a90dffffffff
sams,38.646919,-77.297758,852aaaa7fffffff,842aaabffffffff
sams,40.173328,-105.114201,8526aa4ffffffff,8426aa5ffffffff
sams,40.406723,-105.059794,8526aa43fffffff,8426aa5ffffffff
sams,42.968588,-82.458093,852ab60ffffffff,842ab61ffffffff
sams,31.745079,-106.316008,8548c6c7fffffff,8448c6dffffffff
sams,26.144965,-80.328559,8544a133fffffff,8444a13ffffffff
sams,25.978657,-80.298696,8544a1abfffffff,8444a1bffffffff
sams,34.825637,-82.289064,8544dd57fffffff,8444dd5ffffffff
sams,37.119729,-76.509553,852af60ffffffff,842af61ffffffff
sams,36.770073,-76.247712,852af623fffffff,842af63ffffffff
sams,29.551183,-95.157176,85446c13fffffff,84446c1ffffffff
sams,29.644826,-95.579334,85446ca3fffffff,84446cbffffffff
sams,29.901709,-95.595792,85446ddbfffffff,84446ddffffffff
sams,29.803953,-95.291713,85446c07fffffff,84446c3ffffffff
sams,34.784254,-77.396269,852ad55bfffffff,842ad55ffffffff
sams,42.257837,-85.180219,8527482ffffffff,8427483ffffffff
sams,38.959332,-94.727305,85265673fffffff,8426567ffffffff
sams,38.809123,-94.491159,85265667fffffff,8426567ffffffff
sams,34.114665,-117.833238,8529a1dbfffffff,8429a1dffffffff
sams,33.87303,-118.297955,8529a56ffffffff,8429a57ffffffff
sams,40.934603,-98.386371,852618a7fffffff,842618bffffffff
sams,34.470072,-93.069618,85444b03fffffff,84444b1ffffffff
sams,38.331642,-85.759465,85266897fffffff,8426689ffffffff
sams,37.727755,-85.890839,85266837fffffff,8426683ffffffff
sams,38.222384,-85.533153,85266d4bfffffff,84266d5ffffffff
sams,43.870748,-91.214655,85275e4bfffffff,84275e5ffffffff
sams,31.99418,-102.156161,85488b23fffffff,84488b3ffffffff
sams,44.734982,-93.201155,85262cd7fffffff,84262cdffffffff
sams,36.133199,-85.508979,8544c91bfffffff,8444c91ffffffff
sams,35.848293,-86.442502,85264daffffffff,84264dbffffffff
sams,36.087041,-86.68971,85264d17fffffff,84264d1ffffffff
sams,29.893682,-90.056197,85444653fffffff,8444465ffffffff
sams,35.642289,-97.4283,8526c183fffffff,8426c19ffffffff
sams,41.214879,-96.11781,85260e2ffffffff,84260e3ffffffff
sams,33.846795,-117.53701,8529a0bbfffffff,8429a0bffffffff
sams,33.912854,-117.970051,8529a0a7fffffff,8429a0bffffffff
sams,28.653921,-81.47199,8544a907fffffff,8444a93ffffffff
sams,30.48335,-87.214882,85445293fffffff,8444529ffffffff
sams,33.452041,-112.339177,8548e96ffffffff,8448e97ffffffff
sams,32.701663,-114.600035,85485bcffffffff,84485bdffffffff
sams,33.372567,-111.787597,8548eba3fffffff,8448ebbffffffff
sams,33.63854,-112.092511,8529b6c3fffffff,8429b6dffffffff
sams,35.085194,-78.954829,852ad677fffffff,842ad67ffffffff
sams,35.979873,-78.509723,852a8977fffffff,842a897ffffffff
sams,26.188327,-98.207687,8548b387fffffff,8448b39ffffffff
sams,37.3199,-79.965961,852a8a93fffffff,842a8a9ffffffff
sams,38.363536,-121.957138,85283047fffffff,8428305ffffffff
sams,40.5473,-111.901387,85269633fffffff,8426963ffffffff
sams,41.754892,-111.838264,8528b657fffffff,8428b65ffffffff
sams,40.216127,-111.656999,8526905bfffffff,8426905ffffffff
sams,29.552516,-98.358356,85489c0bfffffff,84489c1ffffffff
sams,37.981933,-122.055426,852830c7fffffff,842830dffffffff
sams,32.138134,-81.244501,8544d513fffffff,8444d51ffffffff
sams,41.715067,-86.179265,85274b0bfffffff,84274b5ffffffff
sams,38.600266,-90.470551,8526462ffffffff,8426463ffffffff
sams,38.592648,-89.949701,852640c7fffffff,842640dffffffff
sams,31.617244,-84.208878,8544e34ffffffff,8444e35ffffffff
sams,28.530608,-82.502623,85441a3bfffffff,84441a3ffffffff
sams,41.616959,-83.696285,852a94dbfffffff,842a94dffffffff
sams,39.04162,-95.764449,8526e513fffffff,8426e51ffffffff
sams,36.295596,-95.827426,8526ee23fffffff,8426ee3ffffffff
sams,32.593763,-97.148299,8526cbc3fffffff,8426cbdffffffff
sams,31.584229,-97.107525,85489a67fffffff,84489a7ffffffff
sams,42.807478,-86.088238,8527484bfffffff,8427485ffffffff
sams,44.719953,-85.651336,8527418ffffffff,8427419ffffffff
sams,43.202111,-86.202154,85274e23fffffff,84274e3ffffffff
sams,44.526906,-88.093029,85274353fffffff,8427435ffffffff
sams,34.933563,-81.997169,8544dd4bfffffff,8444dd5ffffffff
sams,36.831275,-76.416876,852af62bfffffff,842af63ffffffff
sams,30.187538,-95.449772,85446c27fffffff,84446c3ffffffff
sams,29.787335,-95.725981,85446ca7fffffff,84446cbffffffff
sams,29.56776,-95.38958,85446cbbfffffff,84446cbffffffff
sams,30.329928,-95.478966,85446d5bfffffff,84446d5ffffffff
sams,29.692762,-95.767723,85446ca7fffffff,84446cbffffffff
sams,34.642202,-86.572449,8544eb27fffffff,8444eb3ffffffff
sams,39.196174,-85.954853,85266c1bfffffff,84266cdffffffff
sams,40.476687,-86.104274,85266523fffffff,8426653ffffffff
sams,35.666235,-88.853728,85264a87fffffff,84264a9ffffffff
sams,32.45918,-90.140328,85445c3bfffffff,84445c3ffffffff
sams,33.805347,-118.331698,8529a563fffffff,8429a57ffffffff
sams,36.242463,-115.113495,852986abfffffff,842986bffffffff
sams,36.023703,-115.126514,85298687fffffff,8429869ffffffff
sams,35.815615,-90.681163,85265d6bfffffff,84265d7ffffffff
sams,35.184614,-89.894227,852659b7fffffff,842659bffffffff
sams,45.123663,-93.493836,852621b7fffffff,842621bffffffff
sams,45.038394,-93.022773,85275263fffffff,8427527ffffffff
sams,47.886721,-97.06273,852719cbfffffff,842719dffffffff
sams,44.164821,-93.952947,85262eb3fffffff,84262ebffffffff
sams,45.588474,-94.195532,8526219bfffffff,8426219ffffffff
sams,26.271425,-81.76889,8544131bfffffff,8444131ffffffff
sams,30.310192,-89.828968,854455a3fffffff,844455bffffffff
sams,29.632075,-90.760328,85444683fffffff,8444469ffffffff
sams,40.646476,-74.23071,852a1063fffffff,842a107ffffffff
sams,35.322869,-97.487728,8526c117fffffff,8426c11ffffffff
sams,32.258236,-80.853469,8544d543fffffff,8444d55ffffffff
sams,36.172698,-94.192616,8526ed47fffffff,8426ed5ffffffff
sams,37.804134,-81.179431,852a9d13fffffff,842a9d1ffffffff
sams,35.609693,-97.54368,8526c19bfffffff,8426c19ffffffff
sams,33.713704,-117.955591,8529a0b7fffffff,8429a0bffffffff
sams,27.26204,-80.401401,8544a8c3fffffff,8444a8dffffffff
sams,39.658631,-74.955978,852a1363fffffff,842a137ffffffff
sams,39.84429,-75.091659,852a134ffffffff,842a135ffffffff
sams,40.165607,-74.900423,852a1353fffffff,842a135ffffffff
sams,40.007032,-74.976821,852a1343fffffff,842a135ffffffff
sams,33.648948,-112.234405,8529b6d7fffffff,8429b6dffffffff
sams,33.303157,-111.741085,8548eba3fffffff,8448ebbffffffff
sams,33.63588,-112.415386,8529b68bfffffff,8429b69ffffffff
sams,35.190144,-111.629173,8529b25bfffffff,8429b25ffffffff
sams,36.585968,-79.430099,852a8b9bfffffff,842a887ffffffff
sams,40.876921,-79.953825,852a84cbfffffff,842a84dffffffff
sams,40.565825,-79.804181,852a840bfffffff,842a841ffffffff
sams,40.453434,-78.407202,852aa377fffffff,842aa37ffffffff
sams,40.449564,-80.177938,852a847bfffffff,842a845ffffffff
sams,40.343969,-79.948943,852a8473fffffff,842a847ffffffff
sams,39.275675,-80.279505,852a802bfffffff,842a803ffffffff
sams,35.750401,-78.645846,852ad69bfffffff,842ad69ffffffff
sams,38.644444,-121.117855,8528328ffffffff,8428321ffffffff
sams,40.728658,-111.882527,852696abfffffff,842696bffffffff
sams,29.660943,-98.449495,85489c0ffffffff,84489c1ffffffff
sams,31.986547,-81.080925,8544d5c3fffffff,8444d5dffffffff
sams,38.665996,-90.59689,8526462bfffffff,8426463ffffffff
sams,38.620365,-90.331145,85264627fffffff,8426463ffffffff
sams,37.29911,-89.585976,852643bbfffffff,842643bffffffff
sams,37.740439,-88.969081,852641cffffffff,842641dffffffff
sams,39.772067,-89.708399,852644c3fffffff,842644dffffffff
sams,42.098568,-76.007607,852aa5d7fffffff,842aa5dffffffff
sams,43.976352,-75.962655,852b8a9bfffffff,842b8a9ffffffff
sams,30.18799,-85.688219,8544e543fffffff,8444e55ffffffff
sams,28.188052,-82.357377,85441a03fffffff,84441a1ffffffff
sams,27.788523,-82.679389,85441a83fffffff,84441a9ffffffff
sams,28.096338,-82.500074,85441a13fffffff,84441a1ffffffff
sams,27.935298,-82.316564,85441ac7fffffff,84441adffffffff
sams,27.958755,-82.731538,85441a87fffffff,84441a9ffffffff
sams,34.22435,-119.161169,8529124ffffffff,8429125ffffffff
sams,39.192796,-75.553411,852aad53fffffff,842aad5ffffffff
sams,32.93354,-97.256242,8526c86bfffffff,8426cabffffffff
sams,39.826485,-76.988479,852aaebbfffffff,842aaebffffffff
sams,38.32208,-81.711905,852a9caffffffff,842a9cbffffffff
sams,30.059399,-94.13452,85446eabfffffff,84446ebffffffff
sams,34.414827,-118.503607,8529a113fffffff,8429a11ffffffff
sams,37.981843,-100.834951,8526f02bfffffff,8426f07ffffffff
sams,36.351873,-94.171385,8526ed57fffffff,8426ed5ffffffff
sams,35.077283,-106.529402,8548d883fffffff,8448d89ffffffff
sams,35.349707,-82.442251,8544dd67fffffff,8444dd7ffffffff
sams,36.355243,-82.400753,8544d92ffffffff,8444d93ffffffff
sams,34.072909,-83.980739,8544c167fffffff,8444c17ffffffff
sams,33.400512,-84.624543,8544ea4bfffffff,8444ea5ffffffff
sams,33.842028,-84.311431,8544c133fffffff,8444c13ffffffff
sams,35.061526,-92.416992,85265a27fffffff,84265a3ffffffff
sams,28.394085,-81.244401,8544a91bfffffff,8444a91ffffffff
sams,41.717944,-88.289501,85266697fffffff,8426669ffffffff
sams,35.210366,-106.657348,8548d887fffffff,8448d89ffffffff
sams,34.043388,-84.315056,8544c123fffffff,8444c13ffffffff
sams,30.472862,-97.794982,85489e27fffffff,84489e3ffffffff
sams,30.378169,-91.063849,854440cbfffffff,844440dffffffff
sams,42.005863,-88.339929,8527592bfffffff,8427593ffffffff
sams,42.021664,-87.923341,85275937fffffff,8427593ffffffff
sams,41.946776,-88.035581,85275923fffffff,8427593ffffffff
sams,41.420338,-81.75748,852ab38ffffffff,842ab39ffffffff
sams,38.951462,-92.296606,852655cffffffff,842655dffffffff
sams,40.781618,-82.588219,852a95d3fffffff,842a95dffffffff
sams,39.08323,-108.582817,85269c1bfffffff,84269c1ffffffff
sams,41.598489,-93.714078,85260d83fffffff,84260d9ffffffff
sams,44.27205,-88.458998,85275cb3fffffff,84275cbffffffff
sams,21.396602,-157.97719,8546482ffffffff,8446483ffffffff
sams,29.788192,-95.554996,85446caffffffff,84446cbffffffff
sams,29.61587,-95.220455,85446c17fffffff,84446c1ffffffff
sams,39.617385,-86.080422,852661a7fffffff,842661bffffffff
sams,34.065409,-117.262613,8529a00ffffffff,8429a01ffffffff
sams,30.284159,-81.539939,8544f047fffffff,8444f05ffffffff
sams,39.13149,-94.823527,85265647fffffff,8426565ffffffff
sams,37.939235,-84.55168,85266d37fffffff,84266d3ffffffff
sams,38.037179,-84.450492,85266daffffffff,84266dbffffffff
sams,32.364959,-86.215861,8544eeb7fffffff,8444eebffffffff
sams,30.438552,-89.100379,8544550bfffffff,8444551ffffffff
sams,41.071088,-111.984556,85269683fffffff,8426969ffffffff
sams,28.791165,-81.34083,8544a92bfffffff,8444a93ffffffff
sams,27.267419,-80.283926,8544a8dbfffffff,8444a8dffffffff
sams,40.092916,-74.958763,852a1343fffffff,842a135ffffffff
sams,39.392862,-74.544861,852a132ffffffff,842aad9ffffffff
sams,38.567274,-90.39631,85264627fffffff,8426463ffffffff
sams,38.76504,-90.283719,85264637fffffff,8426463ffffffff
sams,27.789468,-82.336205,85441ad7fffffff,84441adffffffff
sams,41.226149,-80.745528,852ab173fffffff,842ab17ffffffff
sams,31.244387,-81.488199,8544f31bfffffff,8444f31ffffffff
sams,39.309885,-81.551041,852a8207fffffff,842a821ffffffff
sams,32.816655,-96.769383,8526cb93fffffff,8426cb9ffffffff
sams,25.992055,-80.250173,8544a107fffffff,8444a11ffffffff
sams,44.920046,-89.654985,852751a3fffffff,842751bffffffff
sams,35.462942,-80.590328,8544daaffffffff,8444dabffffffff
sams,36.633107,-82.125358,852a9973fffffff,842a997ffffffff
sams,35.190123,-101.81547,8526d153fffffff,8426d15ffffffff
sams,33.460363,-84.212014,8544c18ffffffff,8444c19ffffffff
sams,33.840318,-84.202373,8544c107fffffff,8444c13ffffffff
sams,34.272389,-85.230781,8544cc8ffffffff,8444cc9ffffffff
sams,33.563632,-81.782223,8544c26ffffffff,8444c27ffffffff
sams,38.989043,-76.55246,852aa803fffffff,842aa81ffffffff
sams,38.415704,-75.568633,852aa98bfffffff,842aa99ffffffff
sams,30.451661,-90.965108,854440cbfffffff,8444463ffffffff
sams,30.198838,-93.251578,854445b3fffffff,84446e5ffffffff
sams,33.609721,-85.776498,8544ebdbfffffff,8444eabffffffff
sams,33.447957,-86.819601,8544e837fffffff,8444e83ffffffff
sams,43.095638,-78.97547,852b9b33fffffff,842b9b3ffffffff
sams,42.454399,-92.352375,8526290ffffffff,8426291ffffffff
sams,42.031797,-91.679725,85267453fffffff,8426745ffffffff
sams,33.713264,-78.896947,852ad30bfffffff,842ad35ffffffff
sams,34.938524,-80.958374,8544d853fffffff,8444d85ffffffff
sams,35.703517,-81.289794,8544db83fffffff,8444db9ffffffff
sams,35.135693,-80.710826,8544dab3fffffff,8444dabffffffff
sams,40.52298,-88.947616,8526628ffffffff,8426629ffffffff
sams,41.842986,-87.741232,852664cbfffffff,842664dffffffff
sams,42.030762,-87.706345,852664dbfffffff,842664dffffffff
sams,41.598083,-87.796911,85266443fffffff,8426645ffffffff
sams,41.366084,-81.512389,852ab3bbfffffff,842ab3bffffffff
sams,38.93369,-104.791207,85268c63fffffff,84268c7ffffffff
sams,34.191128,-79.822784,852ad26bfffffff,842ad27ffffffff
sams,39.987021,-83.153831,852a956bfffffff,842a957ffffffff
sams,39.938348,-82.78199,852a9567fffffff,842a957ffffffff
sams,32.608528,-85.430023,8544ee77fffffff,8444ee7ffffffff
sams,33.219005,-96.629651,8526c807fffffff,8426c81ffffffff
sams,32.673297,-97.040103,8526cbd7fffffff,8426cbdffffffff
sams,32.326758,-95.343747,8526c937fffffff,8426c93ffffffff
sams,38.647817,-76.89096,852aa863fffffff,842aa87ffffffff
sams,39.631981,-77.765627,852aae7bfffffff,842aae7ffffffff
sams,41.163461,-104.793423,8526ae7bfffffff,8426ae7ffffffff
sams,42.216183,-83.214945,852ab257fffffff,842ab25ffffffff
sams,42.444915,-83.263758,852ab2cbfffffff,842ab2dffffffff
sams,42.490957,-83.53297,85274d27fffffff,84274d3ffffffff
sams,32.347471,-106.766852,8548c623fffffff,8448c63ffffffff
sams,27.007791,-82.154503,85441e5bfffffff,84441e5ffffffff
sams,32.932544,-97.098096,8526c86bfffffff,8426c87ffffffff
sams,33.950371,-84.136594,8544c13bfffffff,8444c13ffffffff
sams,30.183883,-92.077162,85444427fffffff,8444443ffffffff
sams,33.373563,-86.808695,8544e837fffffff,8444e83ffffffff
sams,43.22638,-71.475216,852a3623fffffff,842a363ffffffff
sams,40.240814,-74.292648,852a138bfffffff,842a139ffffffff
sams,35.261156,-81.117337,8544d873fffffff,8444d87ffffffff
sams,42.231939,-87.939182,852759abfffffff,842759bffffffff
sams,41.472942,-87.298281,85266407fffffff,8426641ffffffff
sams,41.516084,-88.127986,8526644bfffffff,8426645ffffffff
sams,34.071646,-81.150483,8544dc4bfffffff,8444dc5ffffffff
sams,33.232882,-97.170218,8526c847fffffff,8426c85ffffffff
sams,33.673991,-96.607465,8526c88bfffffff,8426c89ffffffff
sams,32.645479,-96.866585,8526cb9bfffffff,8426cb9ffffffff
sams,33.001739,-96.770396,8526c877fffffff,8426c87ffffffff
sams,39.772417,-84.05812,852a902bfffffff,842a907ffffffff
sams,39.101091,-76.79972,852aa857fffffff,842aa85ffffffff
sams,40.383294,-104.715789,8526aa57fffffff,8426aa1ffffffff
sams,42.002293,-93.614199,85262b3bfffffff,84262b3ffffffff
sams,42.52106,-83.104152,852ab2c3fffffff,842ab2dffffffff
sams,42.529386,-82.912681,852ab2d7fffffff,842ab2dffffffff
sams,26.652497,-81.979805,8544133bfffffff,8444133ffffffff
sams,34.829107,-82.541689,8544dd1bfffffff,8444dd1ffffffff
sams,36.84072,-76.088631,852af637fffffff,842af63ffffffff
sams,39.975983,-76.673058,852aac4bfffffff,842aac5ffffffff
sams,41.652236,-72.732472,852a14abfffffff,842a14bffffffff
sams,29.61256,-95.642916,85446ca3fffffff,84446cbffffffff
sams,29.999832,-95.422124,85446c23fffffff,84446c3ffffffff
sams,33.799649,-116.384855,8529a623fffffff,8429a63ffffffff
sams,30.428782,-81.650071,8544f073fffffff,8444f07ffffffff
sams,36.032341,-83.871787,8544ca37fffffff,8444ca3ffffffff
sams,27.998062,-81.922044,85441a5bfffffff,84441a5ffffffff
sams,42.763576,-84.520456,85274d7bfffffff,84274d7ffffffff
sams,40.82482,-72.991845,852a154ffffffff,842a10bffffffff
sams,42.607777,-87.884037,85275987fffffff,8427599ffffffff
sams,44.844988,-93.152895,85262cd7fffffff,84262cdffffffff
sams,46.791799,-100.747308,85263683fffffff,8426369ffffffff
sams,44.075952,-92.512969,85262ddbfffffff,84262ddffffffff
sams,30.658723,-87.856061,85445057fffffff,8444505ffffffff
sams,31.244368,-85.42693,8544e143fffffff,8444e15ffffffff
sams,36.941337,-86.415691,85266b07fffffff,84266b1ffffffff
sams,35.942588,-86.817942,85264d03fffffff,84264d1ffffffff
sams,36.603425,-87.278645,85264caffffffff,84264cbffffffff
sams,36.329308,-86.597654,85264d83fffffff,84264d9ffffffff
sams,41.461418,-74.372368,852a1633fffffff,842a163ffffffff
sams,40.791662,-74.043622,852a100bfffffff,842a101ffffffff
sams,35.216313,-97.492949,8526c117fffffff,8426c11ffffffff
sams,41.22593,-95.843911,852608cbfffffff,842608dffffffff
sams,36.187122,-80.271649,852a8b4bfffffff,842a8b5ffffffff
sams,40.534119,-80.06798,852a8447fffffff,842a845ffffffff
sams,36.06258,-94.157426,8526ed7bfffffff,8426ed7ffffffff
sams,35.961249,-77.824355,852ad4dbfffffff,842a89bffffffff
sams,35.383648,-77.936875,852ad447fffffff,842ad45ffffffff
sams,35.846546,-78.585475,852a8967fffffff,842a897ffffffff
sams,29.348018,-98.430829,85489cc7fffffff,84489c1ffffffff
sams,29.355751,-98.548481,85489c13fffffff,84489c1ffffffff
sams,32.563733,-93.706468,85444c23fffffff,84444c3ffffffff
sams,32.543695,-94.728707,85444d93fffffff,84444d9ffffffff
sams,43.518902,-96.773408,852600b3fffffff,842600bffffffff
sams,37.051002,-94.474968,8526ecabfffffff,8426ecbffffffff
sams,38.814714,-90.881824,85264677fffffff,8426467ffffffff
sams,38.784636,-90.526692,85264623fffffff,8426463ffffffff
sams,30.431953,-84.224141,8544e297fffffff,8444e29ffffffff
sams,27.341369,-82.453737,85441e73fffffff,84441e7ffffffff
sams,41.06569,-73.8156,852a10c7fffffff,842a10dffffffff
sams,37.739647,-97.459798,8526e3c7fffffff,8426e3dffffffff
sams,37.747475,-97.246647,8526e38bfffffff,8426e39ffffffff
sams,38.785965,-97.608676,8526e0cbfffffff,8426e0dffffffff
sams,39.144456,-86.57508,85266e97fffffff,84266c5ffffffff
sams,41.559378,-90.524838,852675dbfffffff,842675dffffffff
sams,33.938004,-83.486623,8544c3b7fffffff,8444c3bffffffff
sams,41.133858,-81.634082,852ab3abfffffff,842ab3bffffffff
sams,33.447758,-104.526686,8548d027fffffff,8448d03ffffffff
sams,36.766759,-108.1539,85269babfffffff,84269bbffffffff
sams,35.640394,-106.007545,8548d873fffffff,8448d81ffffffff
sams,40.716018,-75.286774,852a120ffffffff,842a121ffffffff
sams,41.233867,-75.864206,852aa527fffffff,842aa53ffffffff
sams,34.229971,-83.873807,8544ce9bfffffff,8444ce9ffffffff
sams,39.14882,-76.650367,852aa81bfffffff,842aa8dffffffff
sams,31.271259,-92.455512,8544418bfffffff,8444419ffffffff
sams,45.753364,-108.526417,852798dbfffffff,842798dffffffff
sams,47.517434,-111.321283,8527905bfffffff,8427905ffffffff
sams,42.915317,-78.750458,852aa6cbfffffff,842aa6dffffffff
sams,42.517743,-90.738256,85275a2bfffffff,84275a3ffffffff
sams,40.772224,-89.655932,85267537fffffff,8426753ffffffff
sams,38.317712,-104.613452,85268813fffffff,8426881ffffffff
sams,38.777438,-104.78419,85268c6ffffffff,84268c7ffffffff
sams,42.386754,-87.966561,852759bbfffffff,842759bffffffff
sams,39.186987,-84.605795,852a930bfffffff,842a931ffffffff
sams,39.164025,-84.425291,852a9303fffffff,842a931ffffffff
sams,39.016081,-84.639143,852a9373fffffff,842a937ffffffff
sams,41.717343,-81.292904,852ab02ffffffff,842ab03ffffffff
sams,41.422023,-82.081358,852ab31bfffffff,842ab31ffffffff
sams,34.018359,-80.951002,8544de83fffffff,8444de9ffffffff
sams,40.086527,-83.088098,852a957bfffffff,842a957ffffffff
sams,32.54087,-84.948503,8544c5b7fffffff,8444c5bffffffff
sams,27.712318,-97.384508,85489557fffffff,8448955ffffffff
sams,32.961025,-96.644225,8526c82bfffffff,8426c83ffffffff
sams,32.862909,-96.754361,8526c867fffffff,8426c87ffffffff
sams,32.79383,-96.687011,8526cb93fffffff,8426cb9ffffffff
sams,39.847771,-84.195464,852a9063fffffff,842a907ffffffff
sams,39.385257,-77.411155,852aae2bfffffff,842aae3ffffffff
sams,39.129342,-77.187104,852aa85bfffffff,842aa85ffffffff
sams,39.603626,-104.704791,85268cc7fffffff,84268cdffffffff
sams,39.707448,-104.987613,85268cdbfffffff,84268cdffffffff
sams,40.52101,-105.063912,8526aa53fffffff,8426aa5ffffffff
sams,39.630659,-105.089251,85268ccbfffffff,84268cdffffffff
sams,42.886956,-83.599132,85274dabfffffff,84274dbffffffff
sams,31.776802,-106.387667,8548c6c7fffffff,8448c6dffffffff
sams,37.715353,-87.128433,85266aabfffffff,84266abffffffff
sams,26.585234,-81.875014,8544130ffffffff,8444131ffffffff
sams,41.141433,-85.161112,852a96cffffffff,842a96dffffffff
sams,32.554782,-97.315988,8526cbcbfffffff,8426cbdffffffff
sams,32.841711,-97.248517,8526cbd3fffffff,8426cbdffffffff
sams,32.75513,-97.431443,8526cbdbfffffff,8426cbdffffffff
sams,40.248522,-77.025454,852aae9bfffffff,842aae9ffffffff
sams,41.239746,-76.820417,852aa1d3fffffff,842aa1dffffffff
sams,40.261336,-76.768986,852aa12ffffffff,842aa13ffffffff
sams,29.724201,-95.470644,85446cabfffffff,84446cbffffffff
sams,29.403827,-95.039431,85446cc7fffffff,84446cdffffffff
sams,34.735996,-86.658656,852649affffffff,842649bffffffff
sams,39.762226,-86.262987,852661a3fffffff,842661bffffffff
sams,33.935256,-117.288746,8529a003fffffff,8429a01ffffffff
sams,31.318465,-89.381001,854451bbfffffff,844451bffffffff
sams,30.198161,-81.746553,8544f01bfffffff,8444f01ffffffff
sams,42.214671,-85.586334,85274b9bfffffff,84274b9ffffffff
sams,39.811584,-94.813246,85260ba7fffffff,84260bbffffffff
sams,39.186619,-94.579752,8526560bfffffff,8426561ffffffff
sams,34.093607,-118.028731,8529a1dbfffffff,8429a1dffffffff
sams,33.949904,-118.162359,8529a56ffffffff,8429a57ffffffff
sams,43.570778,-84.760116,85274c07fffffff,84274c3ffffffff
sams,43.489899,-83.971844,85274dd3fffffff,84274ddffffffff
sams,36.096388,-115.102731,852986bbfffffff,842986bffffffff
sams,40.859787,-96.677405,85260a13fffffff,84260a1ffffffff
sams,34.805494,-92.20706,85265b43fffffff,84265b5ffffffff
sams,38.155546,-85.698685,852668b3fffffff,842668bffffffff
sams,32.815238,-83.711743,8544c0b3fffffff,8444c0bffffffff
sams,43.037246,-88.184855,85275d63fffffff,84275d7ffffffff
sams,42.923839,-87.949793,85275d2bfffffff,84275d3ffffffff
sams,46.809597,-92.179121,85275683fffffff,8427569ffffffff
sams,30.679052,-88.12283,85445003fffffff,8444501ffffffff
sams,30.442694,-90.134978,8544466bfffffff,8444467ffffffff
sams,41.1732,-112.000986,85269683fffffff,8426969ffffffff
sams,35.436554,-97.415224,8526c18ffffffff,8426c19ffffffff
sams,35.4578,-97.613583,8526c18bfffffff,8426c19ffffffff
sams,33.865706,-117.884048,8529a0b7fffffff,8429a0bffffffff
sams,28.32694,-81.467857,8544a913fffffff,8444a91ffffffff
sams,27.636285,-80.444908,8544a81bfffffff,8444a81ffffffff
sams,33.314632,-111.969441,8548ebb7fffffff,8448ebbffffffff
sams,40.308884,-79.591569,852a843bfffffff,842a843ffffffff
sams,40.075836,-80.873409,852a8623fffffff,842a863ffffffff
sams,44.829467,-68.737875,852b1a83fffffff,842b1a9ffffffff
sams,39.481203,-119.797033,85298903fffffff,8429891ffffffff
sams,26.186693,-97.679684,8548b3c7fffffff,8448b3dffffffff
sams,27.543423,-99.507218,854880dbfffffff,844880dffffffff
sams,37.239548,-81.248207,852a9d2ffffffff,842a9d3ffffffff
sams,43.479558,-112.020313,8528949bfffffff,8428949ffffffff
sams,40.630262,-111.887398,85269607fffffff,8426963ffffffff
sams,31.426221,-100.513427,85488a67fffffff,84488a7ffffffff
sams,29.566678,-98.596184,85489c03fffffff,84489c1ffffffff
sams,29.489938,-98.589207,85489c03fffffff,84489c1ffffffff
sams,32.739527,-117.055876,8529a41bfffffff,8429a41ffffffff
sams,32.49292,-92.051302,85444e1bfffffff,84444e1ffffffff
sams,38.780718,-89.954711,852640d3fffffff,842640dffffffff
sams,27.840574,-82.735151,85441a83fffffff,84441a9ffffffff
sams,27.445927,-82.528312,85441e63fffffff,84441e7ffffffff
sams,41.400371,-82.666554,852ab35bfffffff,842ab35ffffffff
sams,32.291916,-110.971294,8548e857fffffff,8448e85ffffffff
sams,36.062458,-95.872182,8526ea97fffffff,8426e85ffffffff
sams,41.52906,-73.899915,852a16a7fffffff,842a16bffffffff
sams,37.675604,-97.4155,8526e3c7fffffff,8426e3dffffffff
sams,41.033981,-80.63312,852ab12bfffffff,842ab17ffffffff
sams,39.421541,-104.878911,85268ccffffffff,84268cdffffffff
sams,39.924647,-86.040511,852a924ffffffff,842a925ffffffff
sams,43.163672,-88.064037,85275d0ffffffff,84275d7ffffffff
sams,36.051196,-95.920478,8526ea97fffffff,8426ea9ffffffff
sams,41.970693,-73.983171,852a1697fffffff,842a169ffffffff
sams,40.638346,-75.443737,852a120ffffffff,842a127ffffffff
sams,35.184099,-101.934433,8526d153fffffff,8426d15ffffffff
sams,33.555606,-84.349216,8544c1bbfffffff,8444c1bffffffff
sams,40.516964,-74.371795,852a106bfffffff,842a107ffffffff
sams,35.314621,-80.754493,8544dab7fffffff,8444dabffffffff
sams,40.138852,-88.264311,852663d3fffffff,8426607ffffffff
sams,39.092276,-84.266409,852a9307fffffff,842a931ffffffff
sams,39.288479,-84.456869,852a931bfffffff,842a931ffffffff
sams,38.577718,-92.222305,85265573fffffff,8426557ffffffff
sams,34.122461,-80.879387,8544de8ffffffff,8444de9ffffffff
sams,33.095264,-96.799927,8526c877fffffff,8426c87ffffffff
sams,33.048129,-97.012544,8526c863fffffff,8426c87ffffffff
sams,39.766182,-104.897538,85268cd3fffffff,84268cdffffffff
sams,39.788492,-105.077902,85268cdbfffffff,84268cdffffffff
sams,39.700398,-104.82566,85268cc3fffffff,84268cdffffffff
sams,39.562312,-104.901433,85268ccffffffff,84268cdffffffff
sams,31.842582,-106.575256,8548c613fffffff,8448c61ffffffff
sams,42.051933,-80.090674,852ab577fffffff,842ab57ffffffff
sams,32.764168,-97.171495,8526cbd3fffffff,8426cbdffffffff
sams,36.848697,-119.794149,8529ab83fffffff,8429ab9ffffffff
sams,21.294915,-157.842945,85464b97fffffff,84464b9ffffffff
sams,29.963253,-95.547689,85446c37fffffff,84446c3ffffffff
sams,32.269108,-90.148307,85445c07fffffff,84445c1ffffffff
sams,32.369342,-88.66827,85445e1bfffffff,84445e1ffffffff
sams,38.886387,-94.683122,85265663fffffff,8426567ffffffff
sams,39.240091,-94.463096,85265603fffffff,8426561ffffffff
sams,35.927187,-84.060323,8544caa7fffffff,8444cabffffffff
sams,33.826349,-118.083234,8529a56bfffffff,8429a57ffffffff
sams,36.065043,-115.2462,852986bbfffffff,842986bffffffff
sams,36.273376,-115.27114,852986abfffffff,842986bffffffff
sams,36.123836,-115.248522,852986bbfffffff,842986bffffffff
sams,40.737469,-96.600892,85260a13fffffff,84260a1ffffffff
sams,34.746618,-92.410515,85265b4bfffffff,84265b5ffffffff
sams,35.04861,-89.813466,852659a7fffffff,842659bffffffff
sams,35.20747,-89.780589,852659b7fffffff,842659bffffffff
sams,25.784761,-80.334781,8544a1bbfffffff,8444a19ffffffff
sams,45.115973,-93.267691,8527527bfffffff,8427527ffffffff
sams,44.781342,-93.41751,85262cc3fffffff,84262cdffffffff
sams,28.934192,-81.931727,8544f4c3fffffff,8444f4dffffffff
sams,35.559879,-97.650231,8526c18bfffffff,8426c19ffffffff
sams,34.6172,-98.424119,8526c3affffffff,8426c3bffffffff
sams,28.57,-81.284292,8544a90ffffffff,8444a91ffffffff
sams,28.549822,-81.488965,8544a907fffffff,8444a91ffffffff
sams,30.439418,-86.641348,854452dbfffffff,844452dffffffff
sams,33.467011,-112.239515,8548e96ffffffff,8448e97ffffffff
sams,40.184795,-80.217598,852a846bfffffff,842a847ffffffff
sams,37.504748,-77.625988,852a8dd7fffffff,842a8ddffffffff
sams,37.250483,-77.388848,852a8d8ffffffff,842a8d9ffffffff
sams,26.2722,-98.221707,8548b387fffffff,8448b39ffffffff
sams,42.267183,-88.976248,8527594ffffffff,8427595ffffffff
sams,38.680653,-121.295938,852832bbfffffff,842832bffffffff
sams,39.13894,-121.645263,85283227fffffff,8428323ffffffff
sams,38.786436,-121.287783,852832abfffffff,842832bffffffff
sams,38.458273,-121.407522,85283287fffffff,8428329ffffffff
sams,40.626106,-111.970135,85269607fffffff,8426961ffffffff
sams,32.437699,-93.715876,85444c33fffffff,84444c3ffffffff
sams,37.133269,-93.302663,85265333fffffff,8426533ffffffff
sams,42.15204,-76.882156,852aa42bfffffff,842aa43ffffffff
sams,35.348951,-94.348121,8526e957fffffff,8426e95ffffffff
sams,41.453889,-75.646588,852aa5affffffff,842aa5bffffffff
sams,34.089297,-84.520809,8544cccbfffffff,8444ccdffffffff
sams,30.39189,-97.742062,85489e27fffffff,84489e3ffffffff
sams,30.156232,-97.793038,85489eaffffffff,84489ebffffffff
sams,41.722991,-87.685142,852664cffffffff,8426645ffffffff
sams,41.778287,-87.86359,85266453fffffff,8426645ffffffff
sams,32.861942,-96.860314,8526c867fffffff,8426c87ffffffff
sams,39.87168,-104.983667,852681a7fffffff,842681bffffffff
sams,31.880793,-106.439426,8548c613fffffff,8448c61ffffffff
sams,26.243974,-80.255987,8544a123fffffff,8444a13ffffffff
sams,30.008408,-95.27937,85446c23fffffff,84446c3ffffffff
sams,34.073581,-117.560291,8529a033fffffff,8429a03ffffffff
sams,44.942764,-92.907252,85275267fffffff,8427527ffffffff
sams,41.163086,-96.020534,85260e27fffffff,84260e3ffffffff
sams,28.422147,-81.406113,8544a903fffffff,8444a91ffffffff
sams,36.066608,-80.312688,8544db4ffffffff,8444db5ffffffff
sams,37.640319,-77.553183,852aab6ffffffff,842aab7ffffffff
sams,38.099151,-78.466179,852a8c13fffffff,842a8c1ffffffff
sams,28.87993,-96.99352,85489143fffffff,8448915ffffffff
sams,44.101257,-103.194992,85261653fffffff,8426165ffffffff
sams,33.430565,-111.899583,8548eba7fffffff,8448ebbffffffff
sams,44.860345,-93.281137,85262cd3fffffff,84262cdffffffff
