Location Entity,Count
chicago,319
orlando,293
las vegas,198
new york,158
miami,147
florida,121
california,110
san diego,107
texas,105
atlanta,103
ohio,90
boston,76
atlantic city,62
houston,59
philadelphia,57
dallas,55
san francisco,55
atlantic,53
cotsco,52
salsa,51
myrtle beach,48
jurassic,48
georgia,48
washington,45
new orleans,45
arizona,43
denver,40
newport beach,38
michigan,38
kalahari,36
manhattan,31
la,30
america,29
colorado,28
scan,27
chu,26
virginia,26
brazil,25
long beach,25
maryland,24
bronx,23
los angeles,23
new york city,23
brooklyn,23
kentucky,22
ocean city,22
hawaii,22
beverly hills,21
palm beach,20
sedona,19
london,18
new jersey,18
oregon,18
oakland,17
san jose,16
india,16
kansas,16
sacramento,16
kahuna,15
paris,15
spenga,15
toronto,15
cincinnati,14
nova,14
minneapolis,14
belmont,14
central park,13
candela,13
nashville,13
canada,13
la jolla,13
san antonio,12
san diego zoo,12
hollywood,12
milia,12
magic mountain,11
miami boat,11
costa rica,11
italy,11
nirvana,11
las vegas hotels,11
santa cruz,11
pennsylvania,11
arlington,11
gangnam,10
tampa bay,10
kawaii,10
detroit,10
santa monica,10
china,10
nola,10
indiana beach,10
japan,10
ireland,10
miami beach,9
knotts,9
fremont,9
osaka,9
milwaukee,9
san juan,9
virginia beach,9
charlotte,9
henderson,9
pittsburgh,8
maid,8
san diego sea,8
quinta,8
ferox,8
aquatica,8
tampa,8
tatto,8
nuggmd,8
minnesota,8
walnut creek,7
santa cruz beach,7
dublin,7
newark,7
newport harbor,7
jamaica,7
juveau,7
seattle,7
omaha,7
new england,7
dominican republic,7
cleveland,6
tina,6
bingo,6
bucks county river,6
thailand,6
south bay,6
las vegas strip,6
branson,6
pacific,6
orland park,6
moxi,6
santa ana,6
richmond,6
mel,6
sarasota,6
kingdom,6
louisiana,6
’s,6
san diego airport,6
canton,6
shanghai,6
malibu,6
santa barbara,6
greece,6
liquivida,5
miami sea,5
idaho,5
panama city,5
nevada,5
charleston,5
red rock,5
saigon,5
alabama,5
naples,5
utah,5
palm beach tan,5
illinois,5
california great america,5
south beach,5
indiana,5
cambria,5
netflix,5
orange county,5
ventura,5
maia,5
slick city,5
tennessee,5
prussia,5
long island,5
la county,5
jacksonville,5
congo,4
beijing,4
seattle city,4
east hill,4
newport landing,4
scotland,4
pomona,4
north carolina,4
san mateo,4
san diego harbor cruise,4
geneva,4
winston,4
schaumburg,4
berkeley,4
salt lake,4
yuva,4
waukesha,4
las vegas atv,4
half moon bay,4
alpaca,4
ottawa,4
leesburg,4
springfield,4
cuba,4
kayak rentals,4
zerona,4
havana,4
island park,4
orange beach,4
ombré,4
south lake,4
east bay,3
bucks county,3
boston city,3
santa clara,3
mississippi,3
fort lauderdale,3
canterbury,3
labyrinth,3
trail,3
la jolla sea,3
baltimore,3
irobot,3
ripley,3
el sabor,3
bay area,3
west coast,3
south coast,3
spraytan,3
houston city,3
clifton park,3
smyrna,3
keansburg,3
muskogee,3
wellington,3
los gatos,3
fort bragg,3
mount washington,3
renew york,3
san francisco airport,3
san francisco bay,3
newport boat,3
san deigo,3
monterey bay,3
camel beach,3
dubai,3
san diego city,3
kansas city,3
south padre island,3
atlanta city,3
kona,3
missouri,3
west palm beach,3
semigl,3
calabasas,3
san diego harbor,3
soluna,3
clifton,3
clifton hills,3
santa,3
kusshi,3
banya,3
hartford,3
atana,3
camden,3
huntington beach,3
oklahoma city,3
medi,3
shedd,3
miami tour,3
toledo,3
hawaii island,3
oahu city,3
san antonio sea,3
thrill,3
harrisburg,3
kayak,3
iowa,3
columbia,3
kimchi,3
hawaii shark,3
spavia,3
mimosas,3
trampoline park,3
ashland,2
mount creek,2
laguna hills,2
casa,2
jerusalem,2
pompano beach,2
san genaro,2
north ridge,2
west air,2
delaware river,2
lexington,2
st louis airport,2
west suburban,2
las vagas,2
opryland,2
roc,2
delia,2
moon,2
highland park,2
san antonio city,2
osakas,2
acuatica,2
new mexico,2
tokyo,2
beautyfluff,2
monaco,2
fort lauderdale airport,2
san diego bay,2
san fran,2
las brisas,2
sunnyvale,2
sylmar,2
san jose airport,2
naperville,2
palo alto,2
san diego harbor tour,2
alora,2
rhode island,2
san francisco city,2
tutela,2
new orleans city,2
olivia,2
nadia,2
north georgia,2
kyoto,2
philadelphia city,2
yacht rock,2
delaware,2
park city,2
niagara,2
central city,2
dayz,2
tallahassee,2
skokie,2
wilmington,2
ferrox,2
miami city,2
crystal city,2
fitchburg,2
birmingham,2
aqautica,2
berlin,2
latin street,2
berry hill,2
foci,2
kajama,2
hmns,2
nyc city,2
xperia,2
omegamart,2
africa,2
las vegas club,2
cucina,2
las,2
dallas city,2
laserdome,2
frankie,2
bento,2
keratase,2
canterbury village,2
miami hotels,2
lewiston,2
rancho cucamonga,2
colin,2
jacksonville beach,2
hong,2
south carolina,2
hana,2
tucson,2
vero beach,2
las vegas mini,2
north valley,2
winter city lights,2
denver city,2
hairbar,2
grand canyon south,2
fort worth,2
north myrtle beach,2
vineyards,2
lashbar,2
solaia,2
whatzup,2
fort,2
clifton hill,2
la tours,2
karisma,2
hilton,2
the bay,2
kenosha,2
las vegas city,2
east coast,2
san diego hotels,2
crystal river,2
brazillian,2
fairfax,2
mountain creek,2
fairfield,2
ramona,2
cambridge,2
plainsboro,2
ohana,2
san ramon,2
renova,2
san juan island,2
nikki,2
weston,2
seal beach,2
spa7,2
new city,2
jolye,2
kala,2
aaki,2
buffalo creek,2
kimpton,2
smart park,2
yara,2
monterey beach,2
roma,2
la botte,2
lake nona,2
ronkonkoma,2
arkansas,2
las vegas s,1
daysport,1
north york,1
neroli,1
nutura,1
winnipesaukee,1
marmelade,1
west hartford,1
san diego soo,1
marjan,1
tour orleans,1
san francisco academy,1
moody gardens,1
meisha,1
garden city,1
zoo,1
shinya,1
cupertino,1
fusabowl,1
wallingford,1
los sombreros,1
haunama bay,1
wendela,1
juvia,1
vargas escondido,1
miami star,1
jetstream,1
ambrosia,1
charlotte city,1
river city,1
margaritaville beach,1
montana,1
yacht fort lauderdale,1
rudi,1
manhattan plaza,1
atlanta park,1
ridgon,1
huntington harbor boat,1
shreveport,1
airbornex,1
san d,1
fresno,1
swan,1
los angeles city,1
midwest,1
kobe,1
kanga,1
st.,1
peoria,1
nickel city,1
new berlin,1
west end,1
bakersfield,1
los cocos,1
driveway,1
winston salem,1
iowa city,1
chino hills,1
central coast,1
ellicott city,1
zenya,1
nucci,1
palm beach galveston,1
wet rentals,1
keratina,1
beverly,1
dezerland,1
hilton lake las vegas,1
kingdom myrtle beach,1
arlington heights,1
buena,1
us park,1
finland,1
scottsdale,1
flowe,1
la vie est,1
las vegas pool,1
san leandro,1
sunshine mountain,1
west mountain,1
earth,1
nashville city,1
lax park,1
lockport,1
san antonio airport,1
zeventa,1
astoria,1
zig-e,1
kingdom greenville,1
qspa,1
rehoboth beach,1
west empire,1
harbor island,1
fox river,1
yacht rentals,1
hotela,1
coney island,1
huntington,1
pensacola beach,1
albany,1
los angeles county,1
nasrin,1
milwaukee county zoo,1
la princesse,1
madrid,1
gaitlinburg,1
wake island,1
juno,1
san fransico,1
orchard beach,1
ketchikan,1
powhatan,1
maricopa county,1
mexico,1
phoenix,1
magic kingdom park,1
avola,1
lunaria,1
karisma east,1
pogo,1
north jersey,1
sin city,1
orange park,1
nebraska,1
universa,1
lake george,1
sunshine mountain vineyard,1
blok,1
newnan,1
baja,1
kicky,1
west grand canyon,1
jordan,1
revit,1
rocky mountain,1
jennys,1
simi,1
delhi,1
massachusetts,1
mangia,1
oahu island,1
tarzana,1
kingdom splash,1
marijauna,1
plaza,1
west kendall,1
portland,1
san diago,1
fotografiska,1
milton,1
la luna,1
san juan capistrano,1
photog,1
pacific edge,1
venice,1
mt creek,1
indu,1
waterbury,1
coon rapids,1
star beach,1
katamaran,1
ledo,1
baldwin,1
ferris,1
kohana,1
gerogia,1
shutterfy,1
hawkeye,1
hingham,1
cinnamon creek,1
los angeles airport,1
oria,1
san antonio river,1
marijuna,1
brett,1
bellmont park,1
stretchu,1
crystal lake brewery,1
chuckeecheese,1
markham,1
yogurland,1
taco island,1
city island,1
rome,1
radison,1
adrenalina,1
yonghang,1
valdemar,1
tonysuno,1
kidzville,1
hermosa beach,1
catalina island,1
medicalmarijuana,1
castawaybay,1
alcatraz east,1
nyc harbor lights,1
santa village,1
salisbury,1
jungle gardens,1
costa mesa,1
orange city,1
pendleton,1
deluxe,1
farzana,1
des moines,1
miami celebrity,1
las vegas blvd,1
couple jacuzzi,1
san rafael,1
delaware river rafting,1
nickle city,1
juvderm,1
quikpark,1
shay,1
whipp,1
masagge,1
yuba city,1
orland,1
strip district,1
paradise beach,1
alcatraz,1
nas,1
corel,1
dundalk,1
moana,1
asbury park,1
lousiana,1
new york yankees,1
saint louis,1
jeffersonville,1
hong kong,1
texarkana,1
greenbay,1
troon golf,1
buffalo cigar,1
concerta,1
dade city,1
valentina,1
qsauna,1
el dorado,1
galveston,1
north bowl,1
vegas strip,1
las vegas omega mart,1
jurassic park,1
flgs,1
taipei,1
mission beach,1
orlando city,1
santa wonderland,1
laguna beach,1
new hampshire,1
europe,1
motor city,1
germany,1
ellis island,1
columbus,1
panama city beach,1
tampa city,1
kuala,1
miami tours,1
c2e2,1
salt lake city,1
jersey city,1
san fransisco,1
gulf coast zoo,1
traverse city,1
hai,1
san diego day,1
buffalo,1
arden hills,1
smith,1
georgetown,1
gainsville,1
nacho,1
midland,1
white river,1
cumbia,1
overland park,1
astro,1
taco,1
bdsm,1
san lorenzo,1
moenia,1
parl,1
kealakekua bay,1
jungle rapids,1
wanda,1
st louis blues,1
morocco,1
medina,1
stokoe,1
dover,1
argentina,1
frisco,1
shipwreck island,1
grand county inn,1
juliet,1
fort lee,1
eyelash,1
jurassic park tour,1
kingdom waterpark,1
soma,1
palm mountain,1
durham,1
quebec city,1
egypt,1
vernon hills,1
edison park,1
georgia city,1
west lake,1
savannah,1
korea,1
stroudsburg,1
red rocks,1
san antonio aquatica,1
delaware beach,1
san bernardino,1
osceola,1
las vegas pub,1
san antinio,1
odyssey lake michigan,1
andover,1
hollywood city,1
san diego boat,1
abia,1
las vegas lights,1
la city,1
ville,1
virgins beach,1
san bruno,1
appleton,1
mrytle beach,1
rox,1
la vegas,1
sacramento city,1
scarfs,1
patton creek,1
lona,1
miami star island,1
daytona beach,1
mount kisco,1
zig es funland,1
salina,1
duran,1
dewey beach,1
maine,1
mastetpark,1
toudaotang,1
grand canyon,1
tan republic,1
laggon,1
stephen,1
kombucha,1
kanya,1
ziplin,1
sauna nj,1
la vie,1
matawan,1
natomas,1
x3,1
orlando trampoline,1
fontana,1
crystal lake buffet,1
merkado,1
millennium park,1
east village,1
haven city,1
singapore,1
zig-e’s,1
la princessa,1
hibachi,1
duvalle,1
monmouth,1
gagnam,1
north beach,1
laguna,1
new york c3,1
miami bayside,1
king,1
colorado springs,1
wisconsin,1
ahava,1
penelope,1
los lobos,1
north mrytle beach,1
clun,1
cherry hill,1
venice beach,1
nyc river,1
mcguffin,1
west branch,1
zig-e's,1
chaan,1
beach city,1
monterey bay acquarium,1
marijana,1
san martino,1
vitaminas,1
central rock,1
mississippi river,1
brow,1
south broward,1
pixie,1
kati,1
visarta,1
hermes,1
tampa bay doens,1
ceramica,1
west covina,1
peru,1
racoon island,1
