trigram,tfidf
10 for 20,0.0007235365100885595
10 off on,0.00013327044634799738
100 egift card,0.00019502815755993377
100 gift card,0.00010572654477305938
100 restaurant egift,0.0003275729403926499
100 units of,0.00012678000256069255
1000 off custom,0.0001072912579042356
15 for 30,0.000849471572873961
19 off on,0.0001548824709803989
20 for 40,0.00013978946622422326
20 off for,0.00010866356149238506
20 off on,0.00021650628687041373
20 or 40,0.0003465077911230442
20 units of,0.0008456626128876822
20 worth of,0.0007557643190013132
25 off for,0.00017043273709562616
25 off on,0.0001501671691798043
25 worth of,0.00011435943842427638
28 off on,0.0003810967760044285
30 off for,0.0002883065818788089
30 off on,0.0005180371044501439
30 or 60,0.00011884257355314658
30 or 60minute,0.00014023825134686657
30 worth of,0.0008562857374415417
31 off on,0.00010727713739624757
33 off on,0.00031486306253362023
34 off on,0.00013542335510343222
35 off for,0.00026424298585147693
35 off on,0.00036927221260879827
36 off on,0.00013258306737839543
37 off on,0.0009750923171793164
38 off on,0.00017892099872836973
39 off for,0.00010179774532355927
39 off on,0.00017788995187445028
40 off for,0.0003466797452598944
40 off on,0.0005716582429552432
40 or 60,0.0001093788505347078
40 units of,0.0005057267303333481
40 worth of,0.00016574024913442654
41 off on,0.0002266292640360871
42 off on,0.0005968474857677838
43 off on,0.000245212339654567
44 off on,0.0002180736616595848
45 off for,0.00016439040072226946
45 off on,0.00031329779851709493
46 off for,0.00012069571091768835
46 off on,0.0007492764183360573
47 off on,0.00024232729129700832
48 off for,0.00014685898540616182
48 off on,0.0002644408167902486
49 off on,0.0002673875013187509
50 egift card,0.00016205053079372474
50 off at,0.00013698104956530173
50 off for,0.000833438358406497
50 off on,0.0009692443863016803
50 or 100,0.0004306739895577943
50 units of,0.0002747959541836544
51 off on,0.0005287244999610742
52 off on,0.00026114339968027616
53 off on,0.00024286713692622483
54 off on,0.00025802431182831196
55 off for,0.00011057935628989643
55 off on,0.001519780660376211
56 off on,0.00030853883804380825
57 off on,0.0002875796343986578
58 off on,0.00023913571268298348
59 off on,0.00022201106448739832
60 minute massage,0.00010521494150442997
60 off for,0.00012178439343153736
60 off on,0.0006974154049806097
60 or 90,0.00019513685693956228
60 or 90minute,0.0004126023519375688
60 units of,0.00019770550261181394
60minute antiaging facial,0.00011412183030730295
60minute back facial,0.00010925157997712633
60minute couples massage,0.00014929137736823515
60minute deep tissue,0.00019827062550238834
60minute facial with,0.0001447002854581703
60minute full body,0.0001613589299296588
60minute lymphatic drainage,0.00016453169638411881
60minute massage with,0.00011639631597675236
60minute reiki session,0.00010294536397457785
60minute swedish massage,0.00021259351989474766
60minute swedish or,0.00011847710623989093
60minute therapeutic massage,0.00010397431955821435
61 off on,0.00020655840469598427
62 off on,0.00016880646463930993
63 off on,0.00016012297647743416
64 off on,0.0004129789462007258
65 off on,0.00016847391445302284
66 off on,0.0001418205723917956
67 off on,0.00015151852048207867
68 off on,0.00011768728547958743
69 off on,0.00018102996935990667
70 off on,0.0001727626747385777
71 off on,0.0001041046467734997
73 off on,0.00015385401034278949
75 off on,0.0001180134455949309
78 off on,0.0001533159461223056
82 off on,0.00010188635434748262
90 off on,0.0001213310430843577
90minute massage with,0.00010273874529397193
91 off on,0.00013124295976927095
achieve radiant skin,0.00020870810654758593
achieve smooth skin,0.00022148218597558514
achieving up to,0.00018296012175678743
add on treatment,0.00014672263888075934
admission for one,0.00013978632983568736
aesthetics and wellness,0.00011588041668699479
aesthetics up to,0.00026926228568979315
air duct cleaning,0.0002593251288604121
all skin types,0.00011729275051456178
among us murder,0.0001318515834080341
among us qr,0.00012456847001625398
and beauty bar,0.00011894117226544265
and blow dry,0.0001763423469836266
and day spa,0.00015335459507149433
and deep conditioning,0.0001072716845207971
and drink for,0.00010670523991888133
and drink valid,0.00017179253572878567
and dryer vent,0.00011214563783913302
and enjoy up,0.00043283020014645875
and hot stone,0.0001889667155209774
and hot stones,0.0001376279601227866
and lift treatment,0.00016773763999850354
and more at,0.00018280649564948078
and more up,0.0004158004359738416
and more with,0.00035739430718060444
and one adjustment,0.00010911755292446779
and save up,0.00046106659661735355
and skin care,0.00021201541188040334
and spa up,0.00010050674947185796
and spa with,0.00010067790669073536
and style up,0.00015975165111723285
and style with,0.00011947357930526646
and tinting session,0.00010477513312413353
and up to,0.0007840208536314157
and wellness center,0.0002453112047072626
antiaging facial at,0.0002315998513183028
any day for,0.00018224559475422895
area six laser,0.00010944685533033014
area up to,0.0004040021308153754
areas up to,0.00027695255651612264
areas with up,0.00025364963625178693
aromatherapy up to,0.0001277009097823578
arthur murray dance,0.00019873277183436128
astaire dance studio,0.00021377894910308833
astaire dance studios,0.00016179183600390258
at 4ever young,0.00018717442772925048
at 645 pm,0.00010779765268518719
at beauty by,0.0001731752728741686
at beverly hills,0.00018743475656309139
at city parking,0.0001996552202921179
at deka lash,0.00016664679028273333
at hair by,0.00019173336503688261
at jack in,0.00014380936913839813
at massage heights,0.00015597094298791097
at mpg parking,0.0001570913423603483
at outback steakhouse,0.0001348641817666954
at pm one,0.00019969320090358335
at salon lofts,0.00010409532782873924
at sky zone,0.00010404916814296753
at up to,0.0003519372056971042
at valvoline instant,0.00018940014096800192
audio driving tour,0.00010644214224856869
automotive window tinting,0.00010658617151611576
available parking at,0.0025744115767528837
available up to,0.00011748928316255323
back at dennys,0.0001064657423560022
back at el,0.00014566046866046098
back at jack,0.00014380936913839813
back at outback,0.0001348641817666954
back at the,0.000340659301980721
back facial at,0.0001205868237753936
bar and grill,0.0001640275783110229
bar cash back,0.00011212315136226572
bar up to,0.00016882376804510833
basic party package,0.00012083909599868398
beauty and wellness,0.000135495960243745
beauty bar with,0.0001084341773431299
beauty med spa,0.000147767119197318
beauty treatments at,0.0001403541495087951
beauty up to,0.0002522037614892117
beverly hills rejuvenation,0.00022619199452970508
bikini waxing at,0.0003346171897560493
bikini waxing session,0.00018404245901031626
bikini waxing sessions,0.0001232242291004274
blend oil change,0.00024942387303997525
blend or full,0.00011065407303808382
blowdry up to,0.00015229475878057494
body contouring with,0.00010238698895122979
body massage at,0.00026129475912282024
body massage with,0.000525392275764476
body sculpting sessions,0.00021968790940167082
book now for,0.00010780519657122249
booking round of,0.0033623271849326825
botox up to,0.00012426105875154407
brake pad replacement,0.0002588490099472155
brazilian bikini waxing,0.0003340066033316817
brazilian butt lift,0.00012073515571495089
brazilian or bikini,0.00045167322009388413
brazilian wax experience,0.0001724996870539949
brazilian wax up,0.0002188042703752887
brazilian waxing session,0.00026802327613809816
brazilian waxing sessions,0.00019177536973731752
brazils waxing center,0.00010644641277141025
brow lamination with,0.00010019752134145731
brows up to,0.00012460842467163722
butt lift at,0.00010391405705577167
by customer at,0.00019475717070598832
cafe cash back,0.00012429389412216057
car care center,0.00011342842594340827
card 50 or,0.0003495847772182572
care up to,0.00020806144518667455
carpet cleaning at,0.00011825515658558625
carpet cleaning for,0.0002605394301451227
cash back at,0.004269347744729974
casual dining 10,0.00011703505005544498
casual dining 15,0.0002112252282385653
center up to,0.00035266559645933483
change at valvoline,0.0001085366439787598
change oil change,0.00010041875189552098
change services at,0.00010546698718053767
change up to,0.0003497566751919937
chemical peel at,0.0001981645854834815
chemical peel up,0.00011473768971854544
chemical peel with,0.00010133581267468427
chiropractic and wellness,0.00011201370488320202
chiropractic consultation exam,0.00014394078458977537
chiropractic package with,0.00010590479443443724
chiropractic services at,0.0001035160154924792
choice of one,0.00018056410106933682
chosen by customer,0.00019072939644052022
city scavenger hunt,0.00010118893463622044
class for one,0.0001638648483663696
class for two,0.00013980153891376214
classes for one,0.00024818689990493346
classes up to,0.000268943977906273
classes with up,0.00015753495737186104
classic eyelash extensions,0.0004709565934761045
classic full set,0.00011315264343693031
classic hybrid or,0.00012939658633718594
cleaning for one,0.00010461932920829281
cleaning for up,0.0001821940746824066
cleaning up to,0.00023512865035364586
clinic up to,0.00010926985809649585
color highlights at,0.0002332326868200923
color highlights roots,0.0001206224739028636
color up to,0.00011255385470134012
conditioning treatment and,0.0001331743235342284
consultation exam and,0.00013414878608604435
consultation up to,0.00016745283980926256
core health centers,0.00013029996867806954
couples massage at,0.00023113285848102796
couples massage with,0.00021384307117259377
course up to,0.00012922713186585752
creek golf club,0.00011896042005449267
creek golf course,0.00011345716892463616
custom lasik eye,0.0001072912579042356
dailyhourly rates available,0.002745326781043822
day for takeout,0.00010974021583552975
day spa with,0.00012279106419555742
deep cleansing facial,0.00020266402228480532
deep conditioning treatment,0.0002353481443922872
deep tissue massage,0.0007524450477173542
deep tissue or,0.0002037245927615549
deepconditioning treatment blowdry,0.00010433699672601623
deluxe body massage,0.00016466921547938408
diamond microdermabrasion treatment,0.0001318102914574364
dining 10 for,0.00014291426902146264
dining 15 for,0.0002641636693657045
dinner for two,0.0001344140297421945
drainage massage at,0.00016593290995704148
drink valid any,0.00014504021336597033
driving audio tour,0.00012123968192494924
dryer vent cleaning,0.00019130324279231618
egift card 50,0.00030818202037431763
egift card to,0.00032288378265912343
elevate your style,0.00011125478410725519
enhance your beauty,0.00016832447149711904
enhance your look,0.00028068329462873205
enjoy up to,0.0011337514379070475
escape room experience,0.00010348364846153075
escape room for,0.0001684341473411208
essential oil and,0.00011204027743215741
esthetics up to,0.00010880484278982627
exam xrays and,0.00013618814972410974
exfoliating facial at,0.00010803696039523293
experience radiant skin,0.00014327501299601133
experience rejuvenation at,0.00020468993385655088
experience rejuvenation with,0.00012922874688349998
experience relaxation at,0.00011752352203986429
experience smooth skin,0.00031489141005278104
experience the ultimate,0.00010558181168221662
experience ultimate relaxation,0.00013666210470762228
experience up to,0.0006647124531108183
experience with up,0.0001341236105572178
extensions enhance your,0.00013308003147900763
extensions transform your,0.00012780027332000353
extensions up to,0.0006206185067502637
extensions with up,0.00016551971532188637
eye surgery for,0.00011992954535904815
eyebrow threading and,0.00010493479219254581
eyebrow tinting at,0.00013784093419776642
eyelash extensions at,0.0008803853505676876
eyelash extensions enhance,0.00012848592109488395
eyelash extensions experience,0.00016316219728485125
eyelash extensions transform,0.0001263013105813399
eyelash extensions up,0.00047175902086480607
eyelash extensions with,0.00037749527880264275
eyelash lift and,0.0002045200712050132
eyelash lift treatment,0.00026353863761422315
eyelash perm at,0.00015000108756902723
eyelash tinting and,0.00016978588636346417
eyelash tinting at,0.00011105946953022332
face and body,0.00021391473455118542
face and neck,0.00028770003635664133
face up to,0.00010499134685937422
facial chosen by,0.00013741296015054927
facial treatments at,0.00011537022893822728
facial treatments with,0.00013967569970838766
facial up to,0.000879180562499632
facial with extractions,0.00012848876828415107
facial with led,0.00012731180669946674
facial with microdermabrasion,0.00016803131166315805
facial with up,0.00010037459700573278
facials offering up,0.0001000539267954567
facials up to,0.0003235195853766693
facials with up,0.0001612797198523121
fat reduction at,0.00013658001570253977
featuring up to,0.0001830044489882499
flights for one,0.0001230137445937295
float therapy session,0.0001199633103596553
fluid art experience,0.00010503626259842308
food and drink,0.00044866037559531714
food and drinks,0.00018529767306639958
foot reflexology massage,0.00019173496994958622
for 20 worth,0.0007241452068513231
for 30 worth,0.0008394959009253932
for 40 worth,0.00013252639251007915
for all ages,0.0001230136240188364
for an unforgettable,0.0001354917086159588
for both eyes,0.00013500274011562957
for face and,0.00020580982723832726
for face neck,0.00014720298030830077
for four people,0.00016632741808236768
for full face,0.00014579194448252438
for glowing skin,0.00023868933956988351
for groups of,0.0001613055426179603
for new clients,0.0002476297994623542
for new customers,0.00011793734904594809
for one area,0.00021534028147540804
for one child,0.00011157731465902914
for one experience,0.00015504493128850602
for one month,0.00010823032512423913
for one or,0.0010042825468404629
for one person,0.000513237038605292
for one two,0.00029720480103327576
for one up,0.00011994417044229083
for or people,0.00016240071449366306
for radiant skin,0.0002987805721212617
for rejuvenated skin,0.00012038338655700227
for select showtimes,0.0011219338410462499
for silky smooth,0.00011559246891491926
for small medium,0.00013729764914100344
for smooth skin,0.00023944599795357969
for smoother skin,0.00011992448441886903
for stunning transformation,0.00010023159129909944
for takeout and,0.00012198215545666413
for two discover,0.00012096692017048112
for two experience,0.00015945066988028574
for two or,0.00038356756203534103
for two people,0.00036267675563848997
for two up,0.0001426163228981407
for two with,0.00017603646847675565
for ultimate relaxation,0.00025295388164395396
for up to,0.0021300041025449
four or six,0.00019095414070981494
four six or,0.00010476556471218914
fred astaire dance,0.00034698501180724557
frequency skin tightening,0.00031030611751375355
front or rear,0.00013920528082179786
full body massage,0.0005385258733168222
full set eyelash,0.00011269893267448126
full set of,0.001446522065859925
full synthetic oil,0.0004481803686982368
gel manicure and,0.0001076248368326267
get smooth skin,0.0001467882432450184
get up to,0.00018211298654813055
glowing skin with,0.0001395995373925064
golf at the,0.0004103088920328642
great wolf lodge,0.0001695418258082632
grill cash back,0.0001835621013789274
guided walking tour,0.00012202691728434298
hair color highlights,0.000381400062494867
hair removal at,0.0003252170810827628
hair removal for,0.00016682510700396098
hair removal on,0.0001214390315813115
hair removal sessions,0.0005578234859492611
hair removal treatments,0.00019868263221929736
hair restoration treatment,0.0001117573224119274
haircut and style,0.0002912939453873689
haircut deep conditioning,0.00011935599175865873
haircut deepconditioning treatment,0.00012559045290561077
haircut up to,0.0001662633179961354
haircut with deep,0.00016325403435573833
haircut with partial,0.00010846668096809162
hairremoval sessions on,0.0006997565154652985
hairremoval treatments on,0.00018329516023685185
haunted pub crawl,0.00010910189290565462
hawaii fluid art,0.00017888148488123194
health and beauty,0.00011122075383833087
health and wellness,0.0003158321714039135
highlights roots at,0.0001206224739028636
highlights up to,0.00018431608692717302
hills golf club,0.00012957019339371372
hills golf course,0.00011797080219605032
hills rejuvenation center,0.0002233946043795082
hot stone and,0.0001881580728723848
hot stone massage,0.00034813464747282096
hot stone treatment,0.000268011555488306
hot stones and,0.0001667461189876071
hot stones up,0.0001468274123816484
hotel stay at,0.0002273955217218989
hours of house,0.00013661745730262446
house cleaning with,0.00013307126763649433
house room cleaning,0.0001168397795601516
hybrid eyelash extensions,0.00026836648391529333
hybrid or volume,0.00014951407264603869
hydrafacial up to,0.00014209486754046945
in las vegas,0.00012333407335092796
in the box,0.0003431826131972832
included up to,0.00011769291565105708
infrared sauna session,0.00020184483567293278
infrared sauna sessions,0.00028779596990863727
injections up to,0.00014253530076648
inspection up to,0.00015167794379141787
instant oil change,0.00030431379248988243
interior and exterior,0.0002337988141416591
ipl photo facial,0.00014012511952115936
jack in the,0.0003431826131972832
jet ski rental,0.00010936297186655655
keratin lash lift,0.0001073727694812009
keratin treatment at,0.00013573972409848152
keratin treatment with,0.00011771461960673157
large area at,0.00011313230186298634
large area up,0.00011851837405860464
laser and skin,0.00012833480420956095
laser hair removal,0.001421759657413886
laser hairremoval sessions,0.0008086978761733287
laser hairremoval treatments,0.0002796113892156433
laser lipo sessions,0.00012600446716162908
laser lipo treatments,0.0001791321618393703
laser skin resurfacing,0.00021841475284549103
laser tattoo removal,0.00021332532931066537
lash and brow,0.0001559684288184302
lash extensions up,0.00010979703112984168
lash lift and,0.00021800308274986786
lash lift tint,0.00012825148607214707
lash lift with,0.00010770815799681399
lash up to,0.00010092152185164851
lashes up to,0.00012040015775657068
lasik eye surgery,0.00012908095633057666
led light therapy,0.0003192647380057481
lift and tint,0.00036863328797916443
lift treatment up,0.00013186675299918632
lift up to,0.00012653402376260718
light therapy at,0.0001192437452132857
light therapy sessions,0.0001614165846161567
light therapy up,0.00015071313997124997
lipo noninvasive laserilipo,0.00012531389362290947
liquivida wellness center,0.00013146027659808818
llc up to,0.00017796187110334581
look up to,0.00014734458164257088
look with one,0.00010115480805905606
lymphatic drainage massage,0.00048188529490589537
lymphatic drainage massages,0.0001365967308584277
manicure and pedicure,0.00011539657117774347
manicure up to,0.00010431709888980407
martial arts classes,0.0002086793571755415
mask up to,0.0001521449501407852
massage and facial,0.00013206362051531074
massage and spa,0.00020279713409685087
massage for one,0.00010871474513531054
massage relax with,0.00011322361413399035
massage up to,0.0009084404697934818
massage with aromatherapy,0.00026548318393647814
massage with choice,0.0001505180359431482
massage with essential,0.00016858252368883692
massage with hot,0.0006853068856157989
massages up to,0.00014645016943082441
med spa up,0.00022360122979341742
med spa with,0.00016113975916912934
medical marijuana card,0.00013205152589815345
medical weight loss,0.00017778359570083338
medium or large,0.00030616353251083456
medspa up to,0.0001261389001062296
meineke car care,0.00011221010719550197
mens haircut and,0.00015977099569702122
microblading session with,0.00018415315428734234
microdermabrasion treatment experience,0.00010677064157095132
microdermabrasion treatment with,0.00014199030667869837
microdermabrasion up to,0.00018117959222639708
microneedling treatment up,0.00013434295376123505
microneedling treatment with,0.00018132983369513776
mink eyelash extensions,0.00027367264953706425
minute deep tissue,0.00010244099996069736
minutes up to,0.00013293315064937813
mlo license course,0.0001407546030073766
month of unlimited,0.00027106235848294263
more 10 for,0.00012184744494693009
more up to,0.0005856642527698556
more with up,0.00038274636743896093
multiple dates available,0.00010393605325812594
murder among us,0.00045269889893370533
murder mystery dinner,0.00011378152566795261
murray dance studio,0.00014674832945765353
nail salon manipedi,0.00010839679914411972
neck up to,0.00010166687693489774
new clients only,0.0002677773101235778
new customers only,0.00012787929072347412
new york city,0.00017869296162726728
noninvasive laser lipo,0.00021602885465488142
noninvasive laserilipo at,0.00012661437008810067
nonsurgical butt lift,0.00023148361148610258
of botox at,0.0001973975041615469
of botox for,0.00011117774023037818
of botox up,0.000112728681503063
of casual dining,0.0006822303465494876
of classic eyelash,0.00036895939869631324
of eyelash extensions,0.00037503399407259696
of golf at,0.003363436395913857
of house cleaning,0.0001751371865479525
of hybrid eyelash,0.00017553982300127051
of laser hair,0.0001419854989602649
of martial arts,0.00010086661621579927
of one elevation,0.0001252575369783055
of pizza subs,0.00010408930784976906
of up to,0.0001476392328252331
of volume eyelash,0.00017613704204872332
off choose from,0.00011720818829067496
off custom lasik,0.0001072912579042356
off for an,0.0001263953740427109
off for glowing,0.00022574050226386005
off for one,0.00012531773920577914
off for radiant,0.00034480233965651804
off for refreshed,0.00011727499083385534
off for refreshing,0.00011204620265043244
off for rejuvenated,0.0001578988688684913
off for rejuvenating,0.0001280910782929616
off for silky,0.00011423490109070047
off for smooth,0.00023597242392435012
off for smoother,0.00017166667346671431
off for stunning,0.00033767409252893926
off for ultimate,0.00031963982323375876
off on antiaging,0.00020817646279758904
off on automotive,0.0001517859205699046
off on body,0.00013663187186517425
off on brazilian,0.0003736975120994841
off on carpet,0.00011373748156302044
off on cavitation,0.0001506140446895579
off on chemical,0.00015733740273857276
off on chiropractic,0.00012353310304293136
off on couples,0.0001900696143863378
off on deep,0.00020670676077754577
off on exfoliating,0.00010009081682008993
off on exterior,0.00015332951115962256
off on eyebrow,0.0003626524314007613
off on eyelash,0.000885756556290038
off on facial,0.0008048909334069286
off on full,0.0002485003667975021
off on hair,0.0002108089780480972
off on hot,0.0001111707955802692
off on house,0.00012945897411830367
off on hydrafacial,0.00028082298541289203
off on injection,0.0003255812351418596
off on laser,0.00032179000854018974
off on lipo,0.00013119574131668476
off on lymphatic,0.0001379754153549584
off on massage,0.00024065124554059413
off on microblading,0.00023846438332815128
off on microdermabrasion,0.00026600323069690104
off on microneedling,0.0003315029019717924
off on nail,0.00030563707715325616
off on oil,0.0002754225719173099
off on one,0.000235922620871481
off on online,0.00014950285738438238
off on permanent,0.00021009547552115567
off on radio,0.00017635685507163046
off on salon,0.0008865572736730622
off on spa,0.00022892013680284165
off on swedish,0.00018221529016832438
off on teeth,0.00019552436338126083
off on therapeutic,0.00011845311765244101
off on ultrasonic,0.00012275772152397238
off on waxing,0.0003878702687402507
off perfect for,0.00015690233656247916
off two options,0.00010126743578949422
offering one or,0.0001739756454605702
offering options for,0.00010702426108683845
offering up to,0.0025906791761512757
offers up to,0.00020511725236627382
oil and hot,0.00012186514839654909
oil change at,0.0004207410735989872
oil change oil,0.0001058055845071961
oil change services,0.00011919514850283117
oil change up,0.00034511691553666625
oil change with,0.0002738550358626511
on antiaging facial,0.0002032979001935746
on automotive window,0.0001032481016119964
on brazilian bikini,0.0003164991370493234
on carpet cleaning,0.0001115756645659178
on cavitation at,0.00014644180895085124
on chemical peel,0.00015733740273857276
on chiropractic services,0.00011203688766654867
on couples massage,0.00018677042229247896
on deep tissue,0.0001953456024423558
on eyebrow tinting,0.00013457721378125204
on eyelash extensions,0.0006932172134147824
on eyelash perm,0.00014837876875844124
on eyelash tinting,0.00011042010869757894
on facial at,0.0005798312668743003
on facial chosen,0.00013741296015054927
on food and,0.00011152428614016348
on full body,0.00023401437664101173
on hot stone,0.00010112059164076667
on house room,0.0001177559242494021
on hydrafacial at,0.00027087274695372464
on large area,0.00014010451894927933
on laser hair,0.00025213444837548946
on lipo noninvasive,0.00012531389362290947
on lymphatic drainage,0.0001351936576347482
on medium area,0.00014831578101737666
on microblading at,0.00023076075315843625
on microdermabrasion at,0.0002552364961563127
on microneedling at,0.0003244472556527319
on nail salon,0.00024203806257078729
on oil change,0.00027455214756171573
on one area,0.00017299564870423018
on one large,0.00021227686364918996
on one medium,0.000228470979901984
on one or,0.00016198828782999186
on one small,0.00035135888089411147
on permanent makeup,0.0002078865919021043
on radio frequency,0.00017635685507163046
on salon hair,0.0004516418559270899
on salon womens,0.00018926768026247646
on small area,0.0001908210804450797
on small medium,0.00016374884477796345
on spa salon,0.00013719204992011569
on swedish massage,0.0001761141287405504
on teeth whitening,0.00018465716484302965
on therapeutic massage,0.00011597719960240388
on ultrasonic fat,0.00010995424627438028
on waxing at,0.00026110076767880605
one 30 minute,0.0001236116488931686
one 60 minute,0.00031235470354952835
one 60minute couples,0.00010603445906113938
one 60minute deep,0.00017892017899049024
one 60minute facial,0.00019648025637738914
one 60minute massage,0.00014763909681085968
one 60minute swedish,0.0001632976430611822
one bikini wax,0.00010515181360176868
one brazilian or,0.00018362333182093477
one brazilian wax,0.000468554124492925
one brazilian waxing,0.00023481882339085
one chemical peel,0.00019728720546485104
one diamond microdermabrasion,0.00011594077381080026
one eyebrow lamination,0.00012987442071045588
one eyebrow threading,0.0001366627925445096
one eyebrow waxing,0.00012098085752990143
one eyelash lift,0.0003075241490658498
one eyelash tinting,0.00013148765254584826
one full set,0.0006600662290426525
one gel manicure,0.00010751455915244398
one ipl photofacial,0.0001642669861159963
one keratin treatment,0.00014508346803476568
one large area,0.0002475573784684082
one lash lift,0.00015097164677596814
one medium area,0.0002482998077271488
one mens haircut,0.0001590433642076558
one microblading session,0.0003486229174500776
one microdermabrasion treatment,0.00024082499088851994
one microneedling session,0.00012946878876078527
one microneedling treatment,0.0004343915454956654
one month of,0.0004109404157802412
one month unlimited,0.0001307880286858503
one or three,0.0008625874652035226
one or two,0.0015753858957326472
one session of,0.00019836735083497998
one small area,0.0003067789943010181
one syringe of,0.00042208986194521963
one teeth whitening,0.000150909315811992
one three or,0.00016878644543932183
one two or,0.0004557833308515782
one up to,0.00013414963103773025
one womens brazilian,0.00011035708853427925
online booking round,0.0033623271849326825
online diploma in,0.00010491946089541003
only up to,0.00019674046079239566
operation city quest,0.00015949592295427548
options and up,0.00015806171250550458
options for one,0.0004714737621948264
options for or,0.00013291096608195982
options for up,0.00027414106129166086
options offering up,0.00037975800085017025
options up to,0.0012186337060690132
options with up,0.0007870349341915831
or 100 restaurant,0.000333154257416543
or 40 units,0.0002978700175000972
or 60 units,0.00010416408939826467
or 90minute massage,0.0001418019481815077
or bikini wax,0.00011520653820809412
or bikini waxing,0.0003113076627374242
or deep tissue,0.0003048245673080818
or deeptissue massage,0.00010587070490939893
or four at,0.00012165843804109598
or four people,0.00011461233716365487
or four with,0.00010733092797114913
or full synthetic,0.00013176281653034234
or large area,0.00019964972422705814
or large areas,0.0001269464792456334
or partial highlights,0.00010673723938910026
or swedish massage,0.0001746637171957639
or three 60minute,0.00010555961251001979
or three sessions,0.0003503515078866617
or two at,0.00011904951394472484
or two people,0.00013109553546444396
or two sessions,0.0003283507635253585
or two up,0.00011314170848146064
or two with,0.00012014547249858847
outdoor photography session,0.00010162480818511169
package for one,0.0001370453029098139
package for two,0.00012210328198391986
package for up,0.00018281864559951423
package up to,0.00030543901289444323
packages up to,0.00011671123102997289
packages with up,0.0001184699413879458
pampering package at,0.00010364917581550287
park golf course,0.00011325860562157876
parking at city,0.00021480068792707326
parking at ipark,0.0001780067861634163
parking at lot,0.00010364058548334412
parking at mpg,0.0001570913423603483
parking at sp,0.00016973929061637157
parking at the,0.00011185828173441227
parking dailyhourly rates,0.002745326781043822
partial highlights style,0.00010404227811520269
party package for,0.00015976940480923074
pass for one,0.00011429312551629745
pedicure up to,0.00013106465167363318
peel up to,0.00018169430902789072
peels up to,0.00010353042849459283
people up to,0.00027734130939270494
people with up,0.0001303784480659503
permanent makeup at,0.00021383529975262805
person up to,0.00010773705687780848
personal training sessions,0.0001948693758608176
photography session with,0.00023932545152012587
pieces per eye,0.00011905837426494897
pizza cash back,0.00014715147151849237
pizza subs more,0.00010178592541703324
pm one ticket,0.0002706378391407869
private escape room,0.00018470271097098843
prp hair restoration,0.0001900724723877303
psychic readings by,0.00014643598555313903
radiant skin at,0.00016685247772049776
radiant skin with,0.00044980102823660516
radio frequency skin,0.00031762877731740654
rates available parking,0.002608731725236975
red light therapy,0.0004275536644314143
refresh your skin,0.00010347103161409604
rejuvenate your skin,0.00016663314731629752
relaxation up to,0.00010730233450973318
removal sessions at,0.00010742979275853792
removal sessions for,0.00020272454593333897
removal sessions on,0.0003095886933669798
removal treatments on,0.00013458875717705553
removal up to,0.00011763480733634302
rental for two,0.00011265468451519344
rental up to,0.00010682907031014704
replacement up to,0.00012911630795838257
reserve parking dailyhourly,0.002745326781043822
rest float spa,0.00017081658276324346
restaurant cash back,0.00021481553332943366
restaurant egift card,0.0003275729403926499
restore hyper wellness,0.00014701055761832718
restrictions apply experience,0.00012101664130469908
revitalize your skin,0.00019076506545932296
rf skin tightening,0.0001308747959520792
rnr tire express,0.00020268328965793378
room cleaning at,0.0001168397795601516
room hotel stay,0.00014187071664803776
room stay at,0.00011962619671340073
rooms up to,0.00011548505842198385
root touch up,0.00010465634643708049
round of golf,0.0033878214385922615
salon and day,0.00010222861465867245
salon and spa,0.0006165176598103925
salon and spas,0.00010965992535230516
salon beauty treatments,0.00013719204992011569
salon hair color,0.00032259560056735644
salon manipedi at,0.00010839679914411972
salon up to,0.00026361014947731204
salon womens haircut,0.0001936062750390732
save up to,0.0010852302571413624
saving up to,0.00038505246231600724
savings up to,0.00022420621753790673
scavenger hunt adventure,0.0001287509409945748
scavenger hunt for,0.00012797916767516871
scavenger hunt in,0.00017550090694228376
select showtimes amc,0.0011187636334455508
selfguided audio tour,0.00016518620344281026
selfguided driving audio,0.00011047909872416464
selfguided scavenger hunt,0.00018628668860685792
service up to,0.00017991510283881616
services offering up,0.00011158521919052071
services up to,0.0004309620141281612
services with options,0.00013860308067800939
services with up,0.0003747531439866003
session enhance your,0.00010689998734132702
session for one,0.0001687098153735965
session for two,0.00013560411251303207
session transform your,0.00015208430910400547
session up to,0.0009705001898606574
session with photo,0.00016737952277420955
session with touchup,0.00010335345352249748
session with up,0.00011654348899509877
sessions for one,0.00015403659841205504
sessions for small,0.00010083309825505404
sessions for up,0.0001910946068629623
sessions of laser,0.00015448044819417898
sessions offering up,0.000455777674585721
sessions on one,0.000628876582714292
sessions on small,0.00018171111825721292
sessions up to,0.0012593669231128312
sessions with options,0.00011607196927815064
sessions with up,0.0006656597065984936
set eyelash extensions,0.0001360899926433868
set of classic,0.0005222100024624424
set of eyelash,0.0003452606043270948
set of hybrid,0.00022962325216927172
set of mink,0.00010517587836394658
set of volume,0.0002376262469312989
set up to,0.00012987639440865687
shipping not included,0.0001903113784147167
showtimes amc classic,0.00022697491990925845
showtimes amc dinein,0.00012604190612091405
signature facial with,0.0001438000878637822
silky smooth skin,0.00018228520923215037
single process color,0.00017851015309058616
six laser hair,0.0003575730874924733
six laser hairremoval,0.0006931646688052358
six sessions of,0.00011282393922932904
skin and body,0.00018517885108688083
skin and laser,0.00010017725968856141
skin care and,0.00010926006059949269
skin care by,0.0001392616514250031
skin tightening at,0.00020288092955949484
skin tightening treatment,0.00011339165942163504
skin up to,0.0003315146474422357
skin with one,0.0002518985403938518
skin with up,0.0002527885562878398
small area experience,0.00011562850951733225
small area up,0.00010029465923044455
small medium or,0.0002994025378602347
smooth skin at,0.00018056028487801822
smooth skin with,0.0007083668934168709
smoother skin with,0.00011476673744371344
spa and salon,0.00010023151437743214
spa and wellness,0.00010139309477534085
spa salon beauty,0.00013719204992011569
spa up to,0.0008984059684797889
spa with options,0.00015936509495734496
spa with up,0.0001874276970688237
spend on food,0.00010886551037837363
spider vein removal,0.00022381863708448017
statue of liberty,0.00013635048613080478
stone massage at,0.00013734518449353252
stones up to,0.00015078518274212253
studio up to,0.00028774057219973457
style up to,0.00035297868106311356
styles up to,0.00010153699165689446
surgery for both,0.00012386310178661182
swedish massage at,0.00021700680477415758
swedish massage up,0.00011216619917631102
swedish massage with,0.0002246524931055448
swedish or deep,0.0002486310082901275
swedish or deeptissue,0.00011165519696839075
synthetic blend oil,0.00024698694139386015
synthetic blend or,0.0001480954629739189
synthetic oil change,0.0005618052845238605
syringe of juvederm,0.0001343150425384108
syringe of restylane,0.00019209078617168972
takeout and dinein,0.00012675527735836006
tarot card reading,0.0001242845189364673
tattoo removal sessions,0.00015124854822748596
tee times online,0.0033623271849326825
teeth whitening at,0.00014264215561420835
teeth whitening session,0.00010275693639443537
teeth whitening sessions,0.00012162720347392905
teeth whitening treatment,0.00029037514403613827
teeth whitening treatments,0.0001298321868967547
the bar method,0.0001499336371186094
the escape game,0.0002404216944661624
therapeutic massage at,0.00014874885385990924
therapy up to,0.00038568149902163057
things to do,0.00010037381270880991
three laser hairremoval,0.0002202959918889628
three or five,0.00014242283399369218
three or six,0.00012074586342298638
three sessions of,0.00010487370495454187
three sessions up,0.0001321922533045637
tickets for select,0.0011219338410462499
times online booking,0.0033623271849326825
tint up to,0.00020674092441275025
tinting and lift,0.00017001303680814675
tinting up to,0.0001041337245987538
tissue massage at,0.0002467672239278025
tissue massage up,0.00010221454200109087
tissue massage with,0.00021349632412912315
tissue or swedish,0.00011839324742618738
to 10 off,0.0003449476839563718
to 10 people,0.0001299114565071956
to 15 off,0.00016998570617521313
to 19 off,0.00022779322460134827
to 20 off,0.0008185257751454085
to 21 off,0.00029961891738326227
to 22 off,0.00017541613008787495
to 23 off,0.00019068574341029852
to 24 off,0.00026800425643466367
to 25 off,0.0011361743582530635
to 26 off,0.0002891676928410902
to 27 off,0.0002619803189536513
to 28 off,0.0008298277460880672
to 29 off,0.0003287320123408034
to 30 off,0.0018546768947093762
to 31 off,0.00047323637101673977
to 32 off,0.0004167721507184384
to 33 off,0.0008218348460963242
to 34 off,0.0005739323742277362
to 35 off,0.001464003837407958
to 36 off,0.0005449370104224967
to 37 off,0.001672421302284402
to 38 off,0.0006785031354137221
to 39 off,0.0006749473835812544
to 40 off,0.002162958670088771
to 41 off,0.0006592970294638145
to 42 off,0.0012414530142430972
to 43 off,0.0006408880095994898
to 44 off,0.0007383673685514714
to 45 off,0.0012127216260825475
to 46 off,0.0014915272375047067
to 47 off,0.0006728184614964691
to 48 off,0.0009582177932765157
to 49 off,0.0008991935187917442
to 50 discount,0.00013050268784719067
to 50 off,0.004348271848848285
to 51 off,0.001075675455363611
to 52 off,0.0007753467550417586
to 53 off,0.0006582800930655573
to 54 off,0.0006856423556257169
to 55 off,0.0027538968881113107
to 56 off,0.0008405603927253737
to 57 off,0.0006793379763464
to 58 off,0.0005549712399822147
to 59 off,0.0005519252851174668
to 60 off,0.0015928127835877766
to 61 off,0.0005161385227861812
to 62 off,0.00047262251179028703
to 63 off,0.0004567201007598551
to 64 off,0.0008554856545884281
to 65 off,0.0004660506938985569
to 66 off,0.00041343310264936774
to 67 off,0.0003985844406662723
to 68 off,0.00035785351688750284
to 69 off,0.0003806404360969575
to 70 off,0.0004936828945304869
to 71 off,0.00027411542152262796
to 72 off,0.00028528254724283144
to 73 off,0.00036897136615224037
to 74 off,0.0002826318988632311
to 75 off,0.0003944313522084978
to 76 off,0.00027550454651859154
to 77 off,0.00022991585096010668
to 78 off,0.00036757200096824977
to 79 off,0.00024275047783683582
to 80 off,0.00036309955539909957
to 81 off,0.00022972582204186049
to 82 off,0.00031520729121987484
to 83 off,0.00024074798478699062
to 84 off,0.00023682697271262972
to 85 off,0.00024788499961668915
to 86 off,0.00024956513631115343
to 87 off,0.00022593368616728265
to 88 off,0.00021707603630220624
to 89 off,0.00023818423078631284
to 90 off,0.0003807286384409232
to 91 off,0.00027905164199812474
to 92 off,0.00012675389796887863
to 93 off,0.00011683754009381127
to 94 off,0.00011842407209299362
to spend on,0.00014210525240144356
touchup up to,0.00010747813160315698
tour for one,0.00020835874420852793
tour for two,0.00014421160246889776
tour for up,0.00010042696517441755
toward food and,0.00023730501538319723
towards food and,0.00014643843027653544
transform your body,0.0001364322178650089
transform your hair,0.00018873670566040975
transform your lashes,0.00010723863231906193
transform your look,0.0006325614497109803
transform your skin,0.00038278255234986314
transform your style,0.00012219187181171474
treatment enhance your,0.00011215005954109837
treatment for face,0.00011003560230047997
treatment for one,0.0001397258145429593
treatment transform your,0.00024052849571861963
treatment up to,0.0011848744429990548
treatment with haircut,0.00011624002694118268
treatment with up,0.00013191937690734204
treatments for face,0.00013510117683651613
treatments for up,0.00013004909447335167
treatments offering up,0.0002580349823908498
treatments on one,0.00010093127074117026
treatments on small,0.00012643920222398354
treatments transform your,0.0001101478764919798
treatments up to,0.0007379418145327662
treatments with options,0.00015969833448488188
treatments with up,0.00044989962917275515
true rest float,0.00017081658276324346
two flights for,0.00011812956788091495
two four or,0.00017215162320503814
two hours of,0.0001476976711383407
two options available,0.00010126609501771726
two or four,0.000520387121406789
two or more,0.00010345112432442549
two or three,0.00030936243638001143
two sessions up,0.00010001187032499267
two up to,0.00023889902294087876
two weeks of,0.00014985709596259433
two with up,0.000117829317720847
ultimate relaxation with,0.00014424425952674284
ultrasonic body sculpting,0.00014886494181200319
ultrasonic cavitation treatments,0.00010280696911989667
ultrasonic fat reduction,0.000194595993047804
units of botox,0.0008963398560653906
units of dysport,0.0005027853678618424
units of jeuveau,0.00021280274712557264
units of xeomin,0.0004217330980618204
unlock radiant skin,0.00013213659637210573
up to 10,0.0005798316318720291
up to 12,0.00013843482700498183
up to 15,0.00022985901898913035
up to 16,0.00010979747027340403
up to 19,0.00023215462188728455
up to 20,0.0009821144153540227
up to 21,0.0003235677977270449
up to 22,0.0001882057281375539
up to 23,0.00019794186698074027
up to 24,0.0002934443370662201
up to 25,0.0012090510105631778
up to 26,0.00030476545951697154
up to 27,0.0002832942617247808
up to 28,0.0008424994550675042
up to 29,0.000345173371960058
up to 30,0.001923737843048794
up to 31,0.0004878575377671902
up to 32,0.0004378948989730463
up to 33,0.0008478836035638544
up to 34,0.000611561884001739
up to 35,0.0015416351477209821
up to 36,0.0005692992360623591
up to 37,0.0016604040670820804
up to 38,0.0007058350961796732
up to 39,0.0006981518708910701
up to 40,0.0023042285651940267
up to 41,0.0006890265143939684
up to 42,0.0012758332186319106
up to 43,0.0006607927941885166
up to 44,0.0007596587373095018
up to 45,0.0012762005160484482
up to 46,0.0015211211492426816
up to 47,0.0006936396282238447
up to 48,0.0010092493454399519
up to 49,0.0009447183081205651
up to 50,0.004599163010555133
up to 51,0.0010928782379413067
up to 52,0.0007950484032200138
up to 53,0.0006624137464122936
up to 54,0.0007040936517260619
up to 55,0.002718187195551684
up to 56,0.0008489436922274714
up to 57,0.0006905894113239713
up to 58,0.0005634720037613511
up to 59,0.000567171735593482
up to 60,0.00161336277594931
up to 61,0.0005319678586663074
up to 62,0.0005027173172568751
up to 63,0.00046292634697649653
up to 64,0.0008661360947091488
up to 65,0.0005021864481242566
up to 66,0.0004304173636053835
up to 67,0.00041266444404403654
up to 68,0.00037065894952494814
up to 69,0.00038820104769884354
up to 70,0.0005197809264647191
up to 71,0.00028864832712487717
up to 72,0.00030644458768495247
up to 73,0.0003758928272091712
up to 74,0.0002921184755322105
up to 75,0.00041454994037320645
up to 76,0.0002919101197919705
up to 77,0.00024624777333456734
up to 78,0.00037510598008539146
up to 79,0.0002553690416964665
up to 80,0.0004100306999163928
up to 81,0.00023989139462085932
up to 82,0.00032614122478988924
up to 83,0.00025142622780002826
up to 84,0.0002471788266865181
up to 85,0.0002685114491638346
up to 86,0.0002709443242093566
up to 87,0.0002372798600355216
up to 88,0.00023124868776180278
up to 89,0.0002460823175972604
up to 90,0.0004129140006186059
up to 91,0.00027922638037120636
up to 92,0.00014037525755297627
up to 93,0.00012264889961821127
up to 94,0.00013218054633970034
up to five,0.00010011314128708095
up to four,0.0001716419994852921
up to off,0.00018344751122177427
up to people,0.0002644865059003602
up to six,0.00016055595756325828
up to two,0.00011466629087395217
us murder mysteries,0.00012001858553809891
us qr murder,0.00012456847001625398
vacuum butt lift,0.00013904256022150116
valid any day,0.0006364952458828705
valid for new,0.0001295966861692257
valid only at,0.00010198608328688929
valvoline instant oil,0.0002996765780901834
vitamin b12 injections,0.00011092647564737111
volume eyelash extensions,0.00042846737456828283
volume lash extensions,0.00010307322781686393
walking tour in,0.00010855133085708736
wax up to,0.0004660923241216667
waxing and tinting,0.0001142514302648432
waxing services with,0.00011032004958381407
waxing session experience,0.00012074837212116357
waxing session up,0.00013212914528334098
waxing up to,0.0002357980034237015
weeks of unlimited,0.0001412264842445894
weight loss program,0.00014971060209870613
wellness up to,0.00025273735562554215
window tinting at,0.00012700484540828662
window tinting for,0.00022002194876484467
wine tasting for,0.00013568286062224204
with 20 or,0.00014887008274534544
with 60 or,0.00014248302091034618
with add on,0.00019352248760292172
with aromatherapy and,0.00011841862058524829
with choice of,0.0004519518386162251
with deep conditioning,0.0002678156900056327
with essential oil,0.00015266411642352056
with full highlights,0.00010683944363131026
with haircut and,0.00011415225667183509
with hot stone,0.00042172238314566344
with hot stones,0.0004162989434761439
with hyaluronic acid,0.0001477631315920175
with led light,0.00020648051740694621
with one or,0.0006180470127520795
with options for,0.0011039910053854934
with options like,0.00042326577932709253
with options of,0.00010693198109804545
with options up,0.00027398992047099113
with partial highlights,0.00014165209154364593
with photo package,0.00017127840602266785
with savings up,0.0002032858123827304
with singleprocess color,0.00010977437390504576
with tire rotation,0.00010882221808804043
with up to,0.00562411343287268
womens brazilian wax,0.00012521771808138518
womens haircut at,0.00020121020514896979
womens haircut deepconditioning,0.00011433482081288402
womens haircut with,0.00017970750499539325
worth of casual,0.0007120797841937606
worth of food,0.00011912750535800932
worth of italian,0.0001489526220787049
worth of mexican,0.00014124031697459693
worth of pizza,0.0001584066808378933
worth of services,0.0001105805601639176
your beauty with,0.0001376059958814963
your body with,0.00016129432809511098
your brows with,0.00014049107973291343
your hair with,0.0001750262653554167
your lashes with,0.00015005815187609873
your look at,0.0002530340615076498
your look with,0.0007448102215908142
your skin at,0.00022599860228905003
your skin with,0.0005325320794999812
your smile with,0.0001052809408572228
your style at,0.00012900559523326818
your style with,0.0001994034202103934
youthful skin with,0.00010997793273654076
